PRODUTO;UNIDADE;ANO;REGIÃO;ESTADO;JAN;FEV;MAR;ABR;MAI;JUN;JUL;AGO;SET;OUT;NOV;DEZ;TOTAL
TERRA;mil m3;1997;REGIÃO NORTE;AMAZONAS;50891;48632;50528;50588;44179;51965;54155;50355;28450;24764;23857;51362;529726
TERRA;mil m3;1997;REGIÃO NORDESTE;MARANHÃO;;;;;;;;;;;;;0
TERRA;mil m3;1997;REGIÃO NORDESTE;CEARÁ;83;75;78;71;74;78;76;80;78;79;77;86;935
TERRA;mil m3;1997;REGIÃO NORDESTE;RIO GRANDE DO NORTE;21785;20477;22023;20161;20805;22497;21750;26727;26827;25959;25214;28685;282910
TERRA;mil m3;1997;REGIÃO NORDESTE;ALAGOAS;51357;51221;53119;47751;53198;47261;48761;49100;42047;42295;48009;48087;582206
TERRA;mil m3;1997;REGIÃO NORDESTE;SERGIPE;6775;5122;5873;5756;5709;6238;6210;5449;5344;5310;5359;6853;69998
TERRA;mil m3;1997;REGIÃO NORDESTE;BAHIA;137599,3333;136995,6667;148192;147592;138203;149381;152182;148850;154934;168604;164478;158216;1805227
TERRA;mil m3;1997;REGIÃO SUDESTE;ESPÍRITO SANTO;21432;19701;21894;19349;22592;23115;22886;22002;21852;21984;21178;21626;259611
TERRA;mil m3;1997;REGIÃO SUDESTE;RIO DE JANEIRO;0;0;0;0;0;0;0;0;0;0;0;0;0
TERRA;mil m3;1997;REGIÃO SUDESTE;SÃO PAULO;0;0;0;0;0;0;0;0;0;0;0;0;0
TERRA;mil m3;1997;REGIÃO SUL;PARANÁ;0;0;0;0;0;0;0;0;0;0;0;0;0
TERRA;mil m3;1998;REGIÃO NORTE;AMAZONAS;54481;47954;51672;48353;48206;46822;53569;51753;50871;52032;53092;59143;617948
TERRA;mil m3;1998;REGIÃO NORDESTE;MARANHÃO;;;;;;;;;;;;;0
TERRA;mil m3;1998;REGIÃO NORDESTE;CEARÁ;91;77;77;77;85;79;81;86;78;88;91;103;1013
TERRA;mil m3;1998;REGIÃO NORDESTE;RIO GRANDE DO NORTE;27480;24169;25431;26407;25924;29181;29311;29557;25530;28977;27372;27771;327110
TERRA;mil m3;1998;REGIÃO NORDESTE;ALAGOAS;45026;45997;46735;42870;46386;50990;45939;40772;47594;46103;39325;43517;541254
TERRA;mil m3;1998;REGIÃO NORDESTE;SERGIPE;6526;5063;5056;5085;5220;5167;5233;5340;5350;5741;5322;5593;64696
TERRA;mil m3;1998;REGIÃO NORDESTE;BAHIA;158585;152093;160069;163877;176633;145808;152531;151682;151621;172466;163760;160796;1909921
TERRA;mil m3;1998;REGIÃO SUDESTE;ESPÍRITO SANTO;22260;20930;22717;24163;24097;23487;25437;24473;24439;24968;27110;24195;288276
TERRA;mil m3;1998;REGIÃO SUDESTE;RIO DE JANEIRO;0;0;0;0;0;0;0;0;0;0;0;0;0
TERRA;mil m3;1998;REGIÃO SUDESTE;SÃO PAULO;0;0;0;0;0;0;0;0;0;0;0;0;0
TERRA;mil m3;1998;REGIÃO SUL;PARANÁ;0;0;0;0;0;0;0;0;0;0;0;0;0
TERRA;mil m3;1999;REGIÃO NORTE;AMAZONAS;57821;56788;57334;53890;57501;58574;61304;62620;62905;66200;70485;68732;734154
TERRA;mil m3;1999;REGIÃO NORDESTE;MARANHÃO;;;;;;;;;;;;;0
TERRA;mil m3;1999;REGIÃO NORDESTE;CEARÁ;96,6354;83,0242;87,92;86,8929;82,8508;82,5451;78,2269;81,9155;82,0779;80,0403;60,4712;69,5646;972,1648
TERRA;mil m3;1999;REGIÃO NORDESTE;RIO GRANDE DO NORTE;27511,6543;25885,9992;29024,5543;29885,9681;30050,3313;28756,034;30734,5927;33280,3132;31348,6395;29486,8967;26508,7181;27902,9281;350376,6295
TERRA;mil m3;1999;REGIÃO NORDESTE;ALAGOAS;47411,12;39928,44;51172,96;49467,8;47240,96;50222,8;49483,41;51606,63;53040,8;48003,93;47840,3305;52870,68;588289,8605
TERRA;mil m3;1999;REGIÃO NORDESTE;SERGIPE;5713,33;4923,635;5089,6204;4669,2803;4870,8159;4623,2819;4976,7369;5174,0272;5703,4493;4441,621;4722,52;4772,8925;59681,2104
TERRA;mil m3;1999;REGIÃO NORDESTE;BAHIA;166535,5879;145576,8241;157460,2991;154907,6338;160407,829;152957,0377;158879,2675;155205,5284;143841,3594;155096,9743;148746,5996;160658,5374;1860273,478
TERRA;mil m3;1999;REGIÃO SUDESTE;ESPÍRITO SANTO;24073,5548;25389,9811;24469,2366;20747,6103;26205,6398;26523,8337;26905,2543;25742,3156;26789,6032;26380,0283;24842,1394;24891,5948;302960,7919
TERRA;mil m3;1999;REGIÃO SUDESTE;RIO DE JANEIRO;0;0;0;0;0;0;0;0;0;0;0;0;0
TERRA;mil m3;1999;REGIÃO SUDESTE;SÃO PAULO;0;0;0;0;0;0;0;0;0;0;0;0;0
TERRA;mil m3;1999;REGIÃO SUL;PARANÁ;0;0;0;0;0;0;0;0;0;0;0;0;0
TERRA;mil m3;2000;REGIÃO NORTE;AMAZONAS;121013;133999;164197;177098;174001;185446;189476;165119;156984;180387;179004;173476;2000200
TERRA;mil m3;2000;REGIÃO NORDESTE;MARANHÃO;0;0;0;0;0;0;0;0;0;0;0;0;0
TERRA;mil m3;2000;REGIÃO NORDESTE;CEARÁ;60,1063;57,2668;56,5577;61,9799;74,3692;69,1184;71,1499;65,4576;59,0392;61,2947;56,1875;62,3618;754,889
TERRA;mil m3;2000;REGIÃO NORDESTE;RIO GRANDE DO NORTE;28407,025;25016,4006;28591,2086;29995,9641;33562,7495;33737,387;36712,1952;37499,3121;37085,4766;35270,0731;31760,0578;32673,9634;390311,813
TERRA;mil m3;2000;REGIÃO NORDESTE;ALAGOAS;50991,008;45716,6679;49880,589;47210,394;48126,887;43803,3007;47634,765;50569,42;47173,724;44492,244;47146,98;48847,847;571593,8266
TERRA;mil m3;2000;REGIÃO NORDESTE;SERGIPE;4448,1724;4656,7501;5228,3978;5012,0033;5224,2452;5362,2948;5102,2895;4657,2265;4693,3733;4848,6393;4662,6288;4692,4049;58588,4259
TERRA;mil m3;2000;REGIÃO NORDESTE;BAHIA;158202,6875;134216,5866;158005,9028;148459,4231;159650,2382;152672,4244;158471,6112;165470,3312;161153,6313;163152,5634;165129,5843;171316,7044;1895901,688
TERRA;mil m3;2000;REGIÃO SUDESTE;ESPÍRITO SANTO;25244,6414;22708,9085;21799,6955;21840,8907;23955,5352;25389,6231;26273,9718;27449,9613;28271,7115;29871,0161;32626,2957;29798,8384;315231,0892
TERRA;mil m3;2000;REGIÃO SUDESTE;RIO DE JANEIRO;0;0;0;0;0;0;0;0;0;0;0;0;0
TERRA;mil m3;2000;REGIÃO SUDESTE;SÃO PAULO;0;0;0;0;0;0;0;0;0;0;0;0;0
TERRA;mil m3;2000;REGIÃO SUL;PARANÁ;0;0;0;0;0;0;0;0;0;0;0;0;0
TERRA;mil m3;2001;REGIÃO NORTE;AMAZONAS;182148;173209;196631;188200;204793;203396;189642;197601;215273;228028;221063;227346;2427330
TERRA;mil m3;2001;REGIÃO NORDESTE;MARANHÃO;0;0;0;0;0;0;0;0;0;0;0;0;0
TERRA;mil m3;2001;REGIÃO NORDESTE;CEARÁ;58;57;67;54;58;56;63;69;57;68;69;57;733
TERRA;mil m3;2001;REGIÃO NORDESTE;RIO GRANDE DO NORTE;34269;32719;39452;36744;33940;32464;32215;32628;31609;29431;29331;29719;394521
TERRA;mil m3;2001;REGIÃO NORDESTE;ALAGOAS;50095;45204;51524;49602;54643;48492;53981;49834;44915;50353,81;50367,71;50699,44;599710,96
TERRA;mil m3;2001;REGIÃO NORDESTE;SERGIPE;4663;4165;4805;4869;5172;5136;5038;5178;5128;5142;4932;5102;59330
TERRA;mil m3;2001;REGIÃO NORDESTE;BAHIA;167801;150265;168545;160658;176896;164009;169139;150647;154525;166368,18;159011,62;170208,13;1958072,93
TERRA;mil m3;2001;REGIÃO SUDESTE;ESPÍRITO SANTO;30319;28897;31834;31646;31167;31593;34669;31915;33577;34847;33329;34056,2;387849,2
TERRA;mil m3;2001;REGIÃO SUDESTE;RIO DE JANEIRO;0;0;0;0;0;0;0;0;0;0;0;0;0
TERRA;mil m3;2001;REGIÃO SUDESTE;SÃO PAULO;0;0;0;0;0;0;0;0;0;0;0;0;0
TERRA;mil m3;2001;REGIÃO SUL;PARANÁ;0;0;0;0;0;0;0;0;0;0;0;0;0
TERRA;mil m3;2002;REGIÃO NORTE;AMAZONAS;238614;213235;234413;227885;237460;222724;226291;231656;224327;231488;223907;231183;2743183
TERRA;mil m3;2002;REGIÃO NORDESTE;MARANHÃO;0;0;0;0;0;0;0;0;0;0;0;0;0
TERRA;mil m3;2002;REGIÃO NORDESTE;CEARÁ;61;51;65;52;57;56;54;52;51;62;57;55;673
TERRA;mil m3;2002;REGIÃO NORDESTE;RIO GRANDE DO NORTE;31007;28459;30248;28580;30205;28027;28688;29081;31778;33125;26798;30827;356823
TERRA;mil m3;2002;REGIÃO NORDESTE;ALAGOAS;51508,45;50637,46;56108,75;49191,04;56780,41;55667,24;53970,38;54258,32;51958,79;49438,6;49649,38;53383,11;632551,93
TERRA;mil m3;2002;REGIÃO NORDESTE;SERGIPE;5057;4382;4821;4856;4936;4638;5083;5053;4970;5314;5126;5320;59556
TERRA;mil m3;2002;REGIÃO NORDESTE;BAHIA;163189,76;157748,66;174044,55;173367,8;179530,9;179042,96;171203,18;174723,63;149844,94;137885,16;148946,88;154648,79;1964177,21
TERRA;mil m3;2002;REGIÃO SUDESTE;ESPÍRITO SANTO;35695;32676;33072;33137;34751;36590;35011;35459;31937;33796;34254;35297;411675
TERRA;mil m3;2002;REGIÃO SUDESTE;RIO DE JANEIRO;0;0;0;0;0;0;0;0;0;0;0;0;0
TERRA;mil m3;2002;REGIÃO SUDESTE;SÃO PAULO;0;0;0;0;0;0;0;0;0;0;0;0;0
TERRA;mil m3;2002;REGIÃO SUL;PARANÁ;0;0;0;0;0;0;0;0;0;0;0;0;0
TERRA;mil m3;2003;REGIÃO NORTE;AMAZONAS;231962;212979;236478;229738;217632;229851;238135;265431;280083;278268;281180;290821;2992558
TERRA;mil m3;2003;REGIÃO NORDESTE;MARANHÃO;0;0;0;0;0;0;0;0;0;0;0;0;0
TERRA;mil m3;2003;REGIÃO NORDESTE;CEARÁ;57;55;64;65;63;76;71;70;69;63;62;66;781
TERRA;mil m3;2003;REGIÃO NORDESTE;RIO GRANDE DO NORTE;29154;24536;24262;25889;25216;24297;23345;25976;24632;24763;23675;25853;301598
TERRA;mil m3;2003;REGIÃO NORDESTE;ALAGOAS;54550;50149,75;57938,88;56519,82;65448,51;69469,96;67322,52;65871,2;66482,25;75441,39;71847,22;82262,89;783304,39
TERRA;mil m3;2003;REGIÃO NORDESTE;SERGIPE;5298;5081;5651;5879;6037;5570;5823;5182;5114;5362;5486;5766;66249
TERRA;mil m3;2003;REGIÃO NORDESTE;BAHIA;165242,51;158950,23;173174,89;176504,29;182533,08;166250,09;185860,81;178368,67;178400,24;183462,83;176361,1;190614;2115722,74
TERRA;mil m3;2003;REGIÃO SUDESTE;ESPÍRITO SANTO;37430;35824;39783;38887;38191;36689;38944;36788;35878;38930;36439;34650;448433
TERRA;mil m3;2003;REGIÃO SUDESTE;RIO DE JANEIRO;0;0;0;0;0;0;0;0;0;0;0;0;0
TERRA;mil m3;2003;REGIÃO SUDESTE;SÃO PAULO;0;0;0;0;0;0;0;0;0;0;0;0;0
TERRA;mil m3;2003;REGIÃO SUL;PARANÁ;0;0;0;0;0;0;0;0;0;0;0;0;0
TERRA;mil m3;2004;REGIÃO NORTE;AMAZONAS;298461;285109;305482;293019;299582;297074;307422;309980;302151;310592;300150;311738;3620760
TERRA;mil m3;2004;REGIÃO NORDESTE;MARANHÃO;0;0;0;0;0;0;0;0;0;0;0;0;0
TERRA;mil m3;2004;REGIÃO NORDESTE;CEARÁ;67;64;64;65;32;33;58;54;53;59;52;43;644
TERRA;mil m3;2004;REGIÃO NORDESTE;RIO GRANDE DO NORTE;25776;29484;31079;29189;27989;26607;26557;27588;25943;28023;26931;28294;333460
TERRA;mil m3;2004;REGIÃO NORDESTE;ALAGOAS;79251;78682,35;83873;82044;88446,97;93404;93428;88741,98;88674,9;91690,59;87619,64;86376,95;1042233,38
TERRA;mil m3;2004;REGIÃO NORDESTE;SERGIPE;6287;5995;6473;6360;6608;6409;6603;6849;6273;6112;6124;6165;76258
TERRA;mil m3;2004;REGIÃO NORDESTE;BAHIA;190103;178009,57;195069;186855;196811,74;184252;192794;190438,29;178423,29;178943,68;170362,95;176349,6;2218412,12
TERRA;mil m3;2004;REGIÃO SUDESTE;ESPÍRITO SANTO;35961;36840;39123;38601;40919;39764;39030;39514;39981;42066;41036;40898;473733
TERRA;mil m3;2004;REGIÃO SUDESTE;RIO DE JANEIRO;0;0;0;0;0;0;0;0;0;0;0;0;0
TERRA;mil m3;2004;REGIÃO SUDESTE;SÃO PAULO;0;0;0;0;0;0;0;0;0;0;0;0;0
TERRA;mil m3;2004;REGIÃO SUL;PARANÁ;0;0;0;0;0;0;0;0;0;0;0;0;0
TERRA;mil m3;2005;REGIÃO NORTE;AMAZONAS;309803;278100;300780;300514;311625;293784;311167;311476;296746;310541;294236;248433;3567205
TERRA;mil m3;2005;REGIÃO NORDESTE;MARANHÃO;0;0;0;0;0;0;0;0;0;0;0;0;0
TERRA;mil m3;2005;REGIÃO NORDESTE;CEARÁ;43;27;43;43;45;34;40;43;39;40;40;39;476
TERRA;mil m3;2005;REGIÃO NORDESTE;RIO GRANDE DO NORTE;25632;23095;26207;26320;26399;24260;25088;24769;23926;24917;22615;22803;296031
TERRA;mil m3;2005;REGIÃO NORDESTE;ALAGOAS;86553,12;80224,55;90074,93;85387,94;88259,96;83611;78578;81549;78877;80827;83534;82044,86;999521,36
TERRA;mil m3;2005;REGIÃO NORDESTE;SERGIPE;6576;6053;6901;6946;6886;6154;6356;6417;6514;6723;6484;7010;79020
TERRA;mil m3;2005;REGIÃO NORDESTE;BAHIA;162979,64;144826,31;174180,37;168467,33;174580,13;164344;169546;175231;131708;150234;171865;171116,5;1959078,28
TERRA;mil m3;2005;REGIÃO SUDESTE;ESPÍRITO SANTO;42254;37864;42063;38649;39914;41098;40121;39125;38345;38914;38397;37235;473979
TERRA;mil m3;2005;REGIÃO SUDESTE;RIO DE JANEIRO;0;0;0;0;0;0;0;0;0;0;0;0;0
TERRA;mil m3;2005;REGIÃO SUDESTE;SÃO PAULO;0;0;0;0;0;0;0;0;0;0;0;0;0
TERRA;mil m3;2005;REGIÃO SUL;PARANÁ;0;0;0;0;0;0;0;0;0;0;0;0;0
TERRA;mil m3;2006;REGIÃO NORTE;AMAZONAS;276912;231515;277119;297430;292757,36;296933;303246;296921;250237;290734;283508;279050;3376362,36
TERRA;mil m3;2006;REGIÃO NORDESTE;MARANHÃO;0;0;0;0;0;0;0;0;0;0;0;0;0
TERRA;mil m3;2006;REGIÃO NORDESTE;CEARÁ;36,4068;33;40;31;41;47;36;35;34;36;44;43;456,4068
TERRA;mil m3;2006;REGIÃO NORDESTE;RIO GRANDE DO NORTE;22287,5611;19363,117;21544,4;22249,738;23184,911;22044,054;23247,805;22536,085;22440,557;22095,6;21176,72;23949,292;266119,8401
TERRA;mil m3;2006;REGIÃO NORDESTE;ALAGOAS;77113,4996;71282,54;76504,24;77473,76;76137;72622,72;75865,24;75068,55;69968,83;72085,18;66740,93;67817,52;878680,0096
TERRA;mil m3;2006;REGIÃO NORDESTE;SERGIPE;7183,3154;6515;7133;6978;7080;6631;7436;7450;6639;6907;6491;7774;84217,3154
TERRA;mil m3;2006;REGIÃO NORDESTE;BAHIA;150401,7876;154084,1453;169115,3439;159932,1;168543,06;160871,66;163856,8;162776,17;151750,39;143843,65;147871,02;144973,06;1878019,187
TERRA;mil m3;2006;REGIÃO SUDESTE;ESPÍRITO SANTO;38427,2674;30040;37175;21765;19371;9143;6498;6846;7176;6482;7770;7536;198229,2674
TERRA;mil m3;2006;REGIÃO SUDESTE;RIO DE JANEIRO;0;0;0;0;0;0;0;0;0;0;0;0;0
TERRA;mil m3;2006;REGIÃO SUDESTE;SÃO PAULO;0;0;0;0;0;0;0;0;0;0;0;0;0
TERRA;mil m3;2006;REGIÃO SUL;PARANÁ;0;0;0;0;0;0;0;0;0;0;0;0;0
TERRA;mil m3;2007;REGIÃO NORTE;AMAZONAS;292314;277169;304074;283979;286398;297178;300077;306170;291127;291268;310881;305476;3546111
TERRA;mil m3;2007;REGIÃO NORDESTE;MARANHÃO;0;0;0;0;0;0;0;0;0;0;0;0;0
TERRA;mil m3;2007;REGIÃO NORDESTE;CEARÁ;55;52;57;52;51;51;54;51;52;47;45;53;620
TERRA;mil m3;2007;REGIÃO NORDESTE;RIO GRANDE DO NORTE;23769,568;21945,746;23695,53;22742,704;24188,352;25454,967;29017,452;29941,064;29459,872;28437,842;26478,518;28799,159;313930,774
TERRA;mil m3;2007;REGIÃO NORDESTE;ALAGOAS;67579,2;60741;64219,83;70516,11;60780,31;65503,04;64679,35;67844,27;62928,99;60770,54;57189,46;62618,98;765371,08
TERRA;mil m3;2007;REGIÃO NORDESTE;SERGIPE;8026;7341,58;8078,59;7571,32;8045,01;7626,31;7973,95;7481,12;7396,77;7726,95;7865,28;8057,05;93189,93
TERRA;mil m3;2007;REGIÃO NORDESTE;BAHIA;140625,82;122568,56;136907,714;123358,388;125055,761;120062,414;122068,53;121260,5;113593,18;117937,17;116059,44;120488,96;1479986,437
TERRA;mil m3;2007;REGIÃO SUDESTE;ESPÍRITO SANTO;8037;5867;6206;6845;8871;7943;7533;6929;6679;5873;6238;6681;83702
TERRA;mil m3;2007;REGIÃO SUDESTE;RIO DE JANEIRO;0;0;0;0;0;0;0;0;0;0;0;0;0
TERRA;mil m3;2007;REGIÃO SUDESTE;SÃO PAULO;0;0;0;0;0;0;0;0;0;0;0;0;0
TERRA;mil m3;2007;REGIÃO SUL;PARANÁ;0;0;0;0;0;0;0;0;0;0;0;0;0
TERRA;mil m3;2008;REGIÃO NORTE;AMAZONAS;320683;290540;321625;304263,932;291965,784;306479,081;313039,762;320750,69;310221,791;320277,415;312396,935;320380,815;3732624,205
TERRA;mil m3;2008;REGIÃO NORDESTE;MARANHÃO;0;0;0;0;0;0;0;0;0;0;0;0;0
TERRA;mil m3;2008;REGIÃO NORDESTE;CEARÁ;42;37;35;40,92951;43,69284;42,59039;49,98155;52,65279;52,34177;58,38359;60,21643;62,92725;577,71612
TERRA;mil m3;2008;REGIÃO NORDESTE;RIO GRANDE DO NORTE;28663,816;27640,168;28264,164;27503,01917;27903,27104;28045,1056;28586,19373;26946,21818;24381,00041;24090,94819;22192,29;23564,77587;317780,9702
TERRA;mil m3;2008;REGIÃO NORDESTE;ALAGOAS;66638,21;58888,05;61635,11;60564,45259;61008,64114;61452,36906;60975,87528;60368,7125;52851,51071;40486,8424;50399,524;50466,86024;685736,1579
TERRA;mil m3;2008;REGIÃO NORDESTE;SERGIPE;7638,75;7154,32;7658,94;7760,78257;7855,05763;7817,36151;7334,77403;7868,13711;7627,90176;7947,9323;7227,86671;7344,46606;91236,28968
TERRA;mil m3;2008;REGIÃO NORDESTE;BAHIA;117957,55;105832,72;107517,29;109382,955;107789,7957;103902,7771;105745,0095;108013,9738;102416,8696;111847,9286;100127,1798;104881,8554;1285415,904
TERRA;mil m3;2008;REGIÃO SUDESTE;ESPÍRITO SANTO;5499;5086;9852;9431,38063;10168,5762;14631,81377;16050,75561;14886,7611;19331,3952;23434,93205;15855,05301;15503,30223;159730,9698
TERRA;mil m3;2008;REGIÃO SUDESTE;RIO DE JANEIRO;0;0;0;0;0;0;0;0;0;0;0;0;0
TERRA;mil m3;2008;REGIÃO SUDESTE;SÃO PAULO;0;0;0;0;0;0;0;0;0;0;0;0;0
TERRA;mil m3;2008;REGIÃO SUL;PARANÁ;0;0;0;0;0;0;0;0;0;0;0;0;0
TERRA;mil m3;2009;REGIÃO NORTE;AMAZONAS;321234,485;290619,47;308780,009;312726,638;324424,117;313906,009;324532,529;322822,183;304326,496;322171,216;310407,748;324286,999;3780237,899
TERRA;mil m3;2009;REGIÃO NORDESTE;MARANHÃO;0;0;0;0;0;0;0;0;0;0;0;0;0
TERRA;mil m3;2009;REGIÃO NORDESTE;CEARÁ;55,84369;49,81678;55,00816;51,99673;52,59558;46,52454;53,55326;54,32163;51,16244;49,5347;45,67314;46,72631;612,75696
TERRA;mil m3;2009;REGIÃO NORDESTE;RIO GRANDE DO NORTE;25986,24337;20743,76099;21534,99394;21649,34568;21083,79981;21661,1006;24046,84825;22483,40007;23004,78078;23817,85307;22626,63447;24350,23193;272988,993
TERRA;mil m3;2009;REGIÃO NORDESTE;ALAGOAS;46907,58015;44482,663;55039,83448;53864,1624;42057,4534;46741,0499;53051,84377;57372,67838;55963,3865;56284,97405;48741,76561;57529,6308;618037,0224
TERRA;mil m3;2009;REGIÃO NORDESTE;SERGIPE;7513,76194;6611,63358;8231,48199;7734,13628;7493,77492;6987,7221;8077,72365;8330,67951;7858,49815;7960,90573;7394,077;8345,3139;92539,70875
TERRA;mil m3;2009;REGIÃO NORDESTE;BAHIA;104049,6895;92292,35632;103207,575;100602,8881;100026,0521;99474,91228;98779,85723;96539,49915;90208,73266;96070,50159;95250,1755;95785,51766;1172287,757
TERRA;mil m3;2009;REGIÃO SUDESTE;ESPÍRITO SANTO;7219,11736;8542,9722;10098,78312;8946,81423;6620,46279;6556,4229;10444,97609;10998,803;10284,74747;9575,62576;9680,40005;9535,77479;108504,8998
TERRA;mil m3;2009;REGIÃO SUDESTE;RIO DE JANEIRO;0;0;0;0;0;0;0;0;0;0;0;0;0
TERRA;mil m3;2009;REGIÃO SUDESTE;SÃO PAULO;0;0;0;0;0;0;0;0;0;0;0;0;0
TERRA;mil m3;2009;REGIÃO SUL;PARANÁ;0;0;0;0;0;0;0;0;0;0;0;0;0
TERRA;mil m3;2010;REGIÃO NORTE;AMAZONAS;324678,523;292153,685;321497,956;321685,666;333887,31;328035,546;341128,878;337760,059;309519,988;288976,885;317468,173;341107,0092;3857899,678
TERRA;mil m3;2010;REGIÃO NORDESTE;MARANHÃO;0;0;0;0;0;0;0;0;0;0;0;0;0
TERRA;mil m3;2010;REGIÃO NORDESTE;CEARÁ;49,80567;41,67172;47,68407;48,064;44,13868;43,95183;42,6472;49,40996;46,64055;47,87879;25,26429;46,06424;533,221
TERRA;mil m3;2010;REGIÃO NORDESTE;RIO GRANDE DO NORTE;22645,99068;20177,99739;21881,29181;22856,30997;24271,79327;21886,94374;23170,413;22477,79251;22262,2985;21870,69648;22739,07032;23220,45223;269461,0499
TERRA;mil m3;2010;REGIÃO NORDESTE;ALAGOAS;56851,68485;51225,93401;54293,87357;50740,89418;52674,12558;46929,93824;42194,87914;44582,90002;45631,9431;41862,97318;38000,73091;39467,68153;564457,5583
TERRA;mil m3;2010;REGIÃO NORDESTE;SERGIPE;7867,62072;7440,9901;8314,46011;8022,6144;8207,13871;7507,91346;7833,4538;7101,10625;7885,13739;8274,31601;8079,09632;8125,42273;94659,27
TERRA;mil m3;2010;REGIÃO NORDESTE;BAHIA;98306,15549;85413,87053;91680,09245;90215,78495;94429,01707;91474,85785;94444,8918;102977,0936;99977,79567;95854,72989;96205,39;97350,21881;1138329,898
TERRA;mil m3;2010;REGIÃO SUDESTE;ESPÍRITO SANTO;10751,1295;9323,05886;8985,70058;9998,44524;7975,38383;6175,50421;7939,81924;6614,97212;7080,48682;7078,83457;7337,18163;9417,02364;98677,54024
TERRA;mil m3;2010;REGIÃO SUDESTE;RIO DE JANEIRO;0;0;0;0;0;0;0;0;0;0;0;0;0
TERRA;mil m3;2010;REGIÃO SUDESTE;SÃO PAULO;0;0;0;0;0;0;0;0;0;0;0;0;0
TERRA;mil m3;2010;REGIÃO SUL;PARANÁ;0;0;0;0;0;0;0;0;0;0;0;0;0
TERRA;mil m3;2011;REGIÃO NORTE;AMAZONAS;336051,8659;313149,3012;333137,5034;340903,5737;356300,3195;354456,7374;365713,2934;358739,4861;353274,2867;356750,1498;332043,153;360644,9908;4161164,661
TERRA;mil m3;2011;REGIÃO NORDESTE;MARANHÃO;0;0;0;0;0;0;0;0;0;0;0;0;0
TERRA;mil m3;2011;REGIÃO NORDESTE;CEARÁ;46,03907;37,80696;43,38885;36,10877;35,91661;32,88205;38,1557;35,11758;36,55941;41,82823;34,43162;33,8706;452,10545
TERRA;mil m3;2011;REGIÃO NORDESTE;RIO GRANDE DO NORTE;25301,40609;23501,63423;25459,4963;22941,91547;22238,57801;20339,82524;21479,47899;22913,92816;21955,17566;22883,38649;21455,89236;21645,7078;272116,4248
TERRA;mil m3;2011;REGIÃO NORDESTE;ALAGOAS;41720,37716;32096,75756;36376,41745;38330,02076;41060,52361;38103,69068;37391,08778;38377,6589;37394,97862;39646,48778;37501,58709;44710,66296;462710,2504
TERRA;mil m3;2011;REGIÃO NORDESTE;SERGIPE;8264,19416;8255,21256;9384,42823;8201,66075;8339,14684;7759,67079;8086,38925;9100,37197;8508,81713;8840,54908;8427,70387;8778,52923;101946,6739
TERRA;mil m3;2011;REGIÃO NORDESTE;BAHIA;95367,07645;84034,89471;95009,80334;86337,99032;97228,99755;88380,42252;88522,34726;89362,12285;83780,21151;84352,59692;82204,44282;82937,47354;1057518,38
TERRA;mil m3;2011;REGIÃO SUDESTE;ESPÍRITO SANTO;10548,31689;8668,59173;9358,97356;9180,6415;9549,59726;7873,0635;5081,22475;5400,28349;4998,08355;6897,55841;6710,94538;7581,09462;91848,37464
TERRA;mil m3;2011;REGIÃO SUDESTE;RIO DE JANEIRO;0;0;0;0;0;0;0;0;0;0;0;0;0
TERRA;mil m3;2011;REGIÃO SUDESTE;SÃO PAULO;0;0;0;0;0;0;0;0;0;0;0;0;0
TERRA;mil m3;2011;REGIÃO SUL;PARANÁ;0;0;0;0;0;0;0;0;0;0;0;0;0
TERRA;mil m3;2012;REGIÃO NORTE;AMAZONAS;359078,1256;321649,7207;362154,5531;320108,0189;361794,5988;356686,7922;356732,5241;356175,7615;343766,3572;349074,5317;335937,7656;365121,5352;4188280,285
TERRA;mil m3;2012;REGIÃO NORDESTE;MARANHÃO;0;0;0;0;0;0;0;0;0;0;305,5257;75,55625;381,08195
TERRA;mil m3;2012;REGIÃO NORDESTE;CEARÁ;35,19912;32,2556;34,11028;32,85848;32,62822;29,66125;31,32331;29,83225;27,90611;26,39623;26,35519;27,46283;365,98887
TERRA;mil m3;2012;REGIÃO NORDESTE;RIO GRANDE DO NORTE;19475,89267;20435,97018;21454,40851;21955,47243;23432,95584;20340,18388;20125,67367;21213,29948;21436,65837;22299,86819;22691,57557;23281,94926;258143,9081
TERRA;mil m3;2012;REGIÃO NORDESTE;ALAGOAS;39519,62821;36670,66447;35288,2434;42890,70198;43952,21428;41746,77732;44630,58872;42366,16719;43238,61349;45483,48457;45841,72268;46863,67304;508492,4794
TERRA;mil m3;2012;REGIÃO NORDESTE;SERGIPE;8840,55632;7667,71905;8228,39781;8319,39117;8693,04962;8637,59208;9095,97208;8846,66529;8468,26799;8741,65033;8659,77523;8616,71185;102815,7488
TERRA;mil m3;2012;REGIÃO NORDESTE;BAHIA;78717,76351;74598,99238;80505,36156;73623,67239;77721,5594;81614,14688;72734,74488;81994,9504;83628,49423;90585,60718;86679,57235;88425,92973;970830,7949
TERRA;mil m3;2012;REGIÃO SUDESTE;ESPÍRITO SANTO;5890,84106;5200,862;7376,78089;6792,13723;6782,71122;5386,04179;7030,23653;8709,97717;10731,57664;9991,30353;9746,1705;9988,25563;93626,89419
TERRA;mil m3;2012;REGIÃO SUDESTE;RIO DE JANEIRO;0;0;0;0;0;0;0;0;0;0;0;0;0
TERRA;mil m3;2012;REGIÃO SUDESTE;SÃO PAULO;0;0;0;0;0;0;0;0;0;0;0;0;0
TERRA;mil m3;2012;REGIÃO SUL;PARANÁ;0;0;0;0;0;0;0;0;0;0;0;0;0
TERRA;mil m3;2013;REGIÃO NORTE;AMAZONAS;356686,2457;309089,8139;351567,7105;341944,2594;355149,0874;339270,3962;360924,6105;332242,0446;319953,0342;362459,7439;347808,85;373210,214;4150306,01
TERRA;mil m3;2013;REGIÃO NORDESTE;MARANHÃO;13238,80529;52456,00081;72252,84308;123424,5683;120480,6545;135810,3207;134798,4582;140151,964;134837,9897;148886,0618;168151,9766;175169,1544;1419658,797
TERRA;mil m3;2013;REGIÃO NORDESTE;CEARÁ;26,98932;24,82525;27,91839;27,1112;28,08514;27,58978;28,52178;28,6435;27,66522;28,39606;27,11187;27,95592;330,81343
TERRA;mil m3;2013;REGIÃO NORDESTE;RIO GRANDE DO NORTE;22882,36808;20711,20657;22530,23253;21986,50015;23714,51115;22753,05958;24726,96142;24305,56932;22807,22131;23649,07949;23575,06455;23857,87146;277499,6456
TERRA;mil m3;2013;REGIÃO NORDESTE;ALAGOAS;41924,71029;40895,33999;43234,92675;41633,70398;41956,96869;40852,72992;41308,40869;41465,42771;40874,32647;41479,61892;40912,35539;42956,05573;499494,5725
TERRA;mil m3;2013;REGIÃO NORDESTE;SERGIPE;8556,10734;7912,70154;8856,74739;7979,22658;7478,22757;7431,35513;7640,07074;7195,32049;7368,08938;7483,63168;7282,24401;7808,58151;92992,30336
TERRA;mil m3;2013;REGIÃO NORDESTE;BAHIA;87218,92939;84980,65931;92419,38716;88038,24915;87949,65839;78809,56016;79494,8719;80790,20415;76254,69988;77413,44739;76211,9491;80302,17321;989883,7892
TERRA;mil m3;2013;REGIÃO SUDESTE;ESPÍRITO SANTO;8994,63439;7192,58486;8286,48319;9727,36999;7106,34334;6514,07676;5788,42667;6483,77933;6478,4008;5589,41753;5297,97537;4387,22713;81846,71936
TERRA;mil m3;2013;REGIÃO SUDESTE;RIO DE JANEIRO;0;0;0;0;0;0;0;0;0;0;0;0;0
TERRA;mil m3;2013;REGIÃO SUDESTE;SÃO PAULO;0;0;0;0;0;0;0;0;0;0;0;0;0
TERRA;mil m3;2013;REGIÃO SUL;PARANÁ;0;0;0;0;0;0;0;0;0;0;0;0;0
TERRA;mil m3;2014;REGIÃO NORTE;AMAZONAS;389364,2402;349032,1852;379476,2376;369610,8993;393323,412;380422,0686;399153,9277;404812,9648;403575,603;413879,6835;403222,1361;417958,8083;4703832,166
TERRA;mil m3;2014;REGIÃO NORDESTE;MARANHÃO;183221,4814;168309,7568;188954,4024;181543,4114;163410,1459;163395,654;172941,191;171154,2635;99809,90993;161790,4157;166681,7748;147225,6816;1968438,089
TERRA;mil m3;2014;REGIÃO NORDESTE;CEARÁ;27,50849;25,3503;26,90477;26,04201;23,72378;24,76175;25,45657;27,67414;32,8739;37,7976;38,25348;39,46467;355,81146
TERRA;mil m3;2014;REGIÃO NORDESTE;RIO GRANDE DO NORTE;24565,44532;22180,4366;24397,10594;22570,96529;22886,19797;21728,07491;22726,91025;22114,34144;21642,689;22018,37321;21035,87816;21419,98637;269286,4045
TERRA;mil m3;2014;REGIÃO NORDESTE;ALAGOAS;44480,94127;38379,65002;43117,85231;41416,49439;41932,10707;38958,17864;38224,28094;39271,95065;35840,16342;35297,24664;32189,40438;31116,77761;460225,0473
TERRA;mil m3;2014;REGIÃO NORDESTE;SERGIPE;8037,82212;7723,93177;8702,51008;8616,32097;8570,5631;8109,09634;8160,99832;7882,03402;7831,58061;8342,28087;7466,46408;7957,90398;97401,50626
TERRA;mil m3;2014;REGIÃO NORDESTE;BAHIA;81942,39841;73900,03599;79491,38521;75891,16439;78546,68189;69178,58577;75164,86279;75674,36106;77323,36566;81455,77654;80798,68621;84682,5838;934049,8877
TERRA;mil m3;2014;REGIÃO SUDESTE;ESPÍRITO SANTO;1695,44724;5074,62724;6031,38279;6005,05895;6271,03298;6540,50418;6524,89706;7669,59599;7113,1461;7259,52304;5976,61513;7777,02578;73938,85648
TERRA;mil m3;2014;REGIÃO SUDESTE;RIO DE JANEIRO;0;0;0;0;0;0;0;0;0;0;0;0;0
TERRA;mil m3;2014;REGIÃO SUDESTE;SÃO PAULO;0;0;0;0;0;0;0;0;0;0;0;0;0
TERRA;mil m3;2014;REGIÃO SUL;PARANÁ;0;0;0;0;0;0;0;0;0;0;0;0;0
TERRA;mil m3;2015;REGIÃO NORTE;AMAZONAS;426044,6062;388076,6655;420463,7775;409272,2939;422986,4767;412106,5029;437793,6058;444303,1952;428617,0754;418662,7982;415735,6942;436108,1142;5060170,806
TERRA;mil m3;2015;REGIÃO NORDESTE;MARANHÃO;149058,842;133991,0576;150142,2112;110136,4443;83547,9381;136419,9957;116217,9125;130350,3375;119414,4252;147145,3894;142964,9318;145929,3421;1565318,827
TERRA;mil m3;2015;REGIÃO NORDESTE;CEARÁ;32,83551;30,98884;36,67929;30,48155;31,9667;34,64043;38,77831;37,59803;37,36086;38,44661;38,18353;36,45838;424,41804
TERRA;mil m3;2015;REGIÃO NORDESTE;RIO GRANDE DO NORTE;21367,06728;18772,54727;20015,49565;19514,03606;19589,19596;18992,30235;19826,69804;19819,19795;19179,93886;20058,92993;20109,04958;21131,40178;238375,8607
TERRA;mil m3;2015;REGIÃO NORDESTE;ALAGOAS;31950,12167;29074,43509;30728,64332;27077,64385;28948,85549;24380,19854;35889,45712;35710,85771;34070,41942;33587,15685;14964,20239;31986,25455;358368,246
TERRA;mil m3;2015;REGIÃO NORDESTE;SERGIPE;7781,45199;6774,11684;7464,58044;7287,78102;7504,3407;6851,39994;6650,79592;6559,68755;6928,5323;7408,56318;5482,65933;6518,25055;83212,15976
TERRA;mil m3;2015;REGIÃO NORDESTE;BAHIA;84982,36161;79814,62937;91008,26508;83165,4294;84470,65148;83701,85945;85290,7955;84300,07317;82963,95652;86403,04681;69237,91449;81864,94227;997203,9252
TERRA;mil m3;2015;REGIÃO SUDESTE;ESPÍRITO SANTO;7685,06981;6672,1407;6912,90713;7235,88009;6762,99847;7222,76117;7426,40212;6913,53427;7410,8329;8231,04685;7281,36496;6041,58908;85796,52755
TERRA;mil m3;2015;REGIÃO SUDESTE;RIO DE JANEIRO;0;0;0;0;0;0;0;0;0;0;0;0;0
TERRA;mil m3;2015;REGIÃO SUDESTE;SÃO PAULO;0;0;0;0;0;0;0;0;0;0;0;0;0
TERRA;mil m3;2015;REGIÃO SUL;PARANÁ;0;0;0;0;0;0;0;0;0;0;0;0;0
TERRA;mil m3;2016;REGIÃO NORTE;AMAZONAS;440488,4561;419898,6767;432681,1122;431214,4965;447724,754;410990,3262;421018,663;434129,87;419913,2699;401317,3769;413067,0478;433717,8137;5106161,863
TERRA;mil m3;2016;REGIÃO NORDESTE;MARANHÃO;135889,5753;98028,5291;90728,1098;115221,627;130131,0794;144486,5104;216583,22;208672,8733;153435,507;233708,2937;226580,7868;172824,0303;1926290,142
TERRA;mil m3;2016;REGIÃO NORDESTE;CEARÁ;37,93139;38,48838;42,70767;41,57574;41,90913;40,6431;38,90086;34,86183;33,4773;33,51667;31,9053;34,27003;450,1874
TERRA;mil m3;2016;REGIÃO NORDESTE;RIO GRANDE DO NORTE;21450,15179;19856,05821;21870,03457;21233,75818;21695,1231;20659,05237;20583,63657;16791,91074;17410,95672;19048,93885;17797,20406;16612,27889;235009,1041
TERRA;mil m3;2016;REGIÃO NORDESTE;ALAGOAS;33547,77609;29876,51286;31042,20822;30845,843;32986,09606;30288,22163;29346,85202;27595,29539;27821,77422;28182,46885;27137,53021;27139,12881;355809,7074
TERRA;mil m3;2016;REGIÃO NORDESTE;SERGIPE;6415,50691;6288,20524;6576,02475;5730,06502;5390,11925;5992,47185;5132,93312;4705,80862;4875,39474;5057,38812;4689,51965;4483,39289;65336,83016
TERRA;mil m3;2016;REGIÃO NORDESTE;BAHIA;84486,96637;81505,81843;82953,13995;78816,6883;79508,95598;75675,43975;76975,47014;72429,92264;76013,77864;77741,68494;74707,4808;70352,8938;931168,2397
TERRA;mil m3;2016;REGIÃO SUDESTE;ESPÍRITO SANTO;6772,0114;7125,37324;7957,77745;6680,74157;7586,2602;6887,88782;6811,60967;7233,8443;5826,53465;5499,62442;5288,91583;6308,16101;79978,74156
TERRA;mil m3;2016;REGIÃO SUDESTE;RIO DE JANEIRO;0;0;0;0;0;0;0;0;0;0;0;0;0
TERRA;mil m3;2016;REGIÃO SUDESTE;SÃO PAULO;0;0;0;0;0;0;0;0;0;0;0;0;0
TERRA;mil m3;2016;REGIÃO SUL;PARANÁ;0;0;0;0;0;0;0;0;0;0;0;0;0
TERRA;mil m3;2017;REGIÃO NORTE;AMAZONAS;431840,6494;378059,6531;390077,2967;392359,3895;385249,1703;395630,1297;436518,0402;424073,4397;414466,7688;386883,504;358648,8616;362640,4623;4756447,365
TERRA;mil m3;2017;REGIÃO NORDESTE;MARANHÃO;105433,5405;42118,9528;1034,22391;1324,87755;16519,44071;124843,6193;240799,2939;216491,5753;172139,1231;234168,0922;226255,1194;236114,2324;1617242,091
TERRA;mil m3;2017;REGIÃO NORDESTE;CEARÁ;32,94826;27,97133;29,84191;30,26667;29,67145;29,16437;31,11779;30,5351;28,92977;31,60653;28,53928;29,04283;359,63529
TERRA;mil m3;2017;REGIÃO NORDESTE;RIO GRANDE DO NORTE;18754,56952;15976,59322;19319,0024;19766,76298;14704,85828;18990,76239;19284,61582;18792,35648;17928,33645;18811,17438;17920,5461;17756,97422;218006,5522
TERRA;mil m3;2017;REGIÃO NORDESTE;ALAGOAS;25663,69146;23982,59427;30979,60749;28782,7415;27813,77225;28602,8619;26081,31865;32290,0477;31812,69913;31060,09606;28075,09157;19444,88796;334589,4099
TERRA;mil m3;2017;REGIÃO NORDESTE;SERGIPE;4406,03065;3955,29269;4248,51298;4442,64624;4447,31427;3746,95156;3791,85842;4718,94533;4192,50997;4310,424;3860,95199;3892,29071;50013,72881
TERRA;mil m3;2017;REGIÃO NORDESTE;BAHIA;74142,60384;66076,6556;71205,37142;69903,97676;66512,34912;63733,62256;66270,36962;68549,98832;64217,34629;66555,44932;63243,92384;68313,71278;808725,3695
TERRA;mil m3;2017;REGIÃO SUDESTE;ESPÍRITO SANTO;7038,72118;6122,24085;7105,66162;6704,63714;5415,95286;4913,52536;5039,53635;5138,03296;4167,36756;4349,19624;3743,28929;3131,58882;62869,75023
TERRA;mil m3;2017;REGIÃO SUDESTE;RIO DE JANEIRO;0;0;0;0;0;0;0;0;0;0;0;0;0
TERRA;mil m3;2017;REGIÃO SUDESTE;SÃO PAULO;0;0;0;0;0;0;0;0;0;0;0;0;0
TERRA;mil m3;2017;REGIÃO SUL;PARANÁ;0;0;0;0;0;0;0;0;0;0;0;0;0
TERRA;mil m3;2018;REGIÃO NORTE;AMAZONAS;357418,2478;390683,1499;427160,2795;425759,0324;465594,7099;440819,2591;444944,6062;458003,963;449739,5172;453201,6548;448305,2821;454342,0814;5215971,783
TERRA;mil m3;2018;REGIÃO NORDESTE;MARANHÃO;190141,9173;4942,54891;218,5997;16595,48152;2448,34338;179833,2207;243921,1464;241682,271;237284,6288;215823,0501;76523,0008;1500,25999;1410914,469
TERRA;mil m3;2018;REGIÃO NORDESTE;CEARÁ;25,37324;23,02893;25,63766;25,70472;21,68485;30,31309;27,15506;27,46536;26,20255;25,42755;23,70976;23,35662;305,05939
TERRA;mil m3;2018;REGIÃO NORDESTE;RIO GRANDE DO NORTE;17762,85217;15856,01908;17534,17289;17029,36389;17791,98173;16958,18153;17681,87353;17331,03657;17210,55057;17630,74708;16604,67367;17336,51072;206727,9634
TERRA;mil m3;2018;REGIÃO NORDESTE;ALAGOAS;28429,08625;27837,50844;30221,13434;29076,57067;28712,24014;26934,41338;28002,46775;28763,62109;26873,89932;30171,7344;30306,46185;30680,09199;346009,2296
TERRA;mil m3;2018;REGIÃO NORDESTE;SERGIPE;4225,07293;3495,94481;3510,20167;3083,27908;2828,62664;2763,93493;2957,36176;2793,97786;2872,07473;2980,58242;2855,45542;3080,1641;37446,67635
TERRA;mil m3;2018;REGIÃO NORDESTE;BAHIA;67150,80636;62200,09861;67585,89254;64453,57568;64601,34194;61537,78194;63629,64092;62928,04246;60185,86025;62851,54384;62262,97861;65389,95046;764777,5136
TERRA;mil m3;2018;REGIÃO SUDESTE;ESPÍRITO SANTO;3030,78647;2737,48893;2766,24516;2531,7342;2770,44825;2538,54882;2489,80302;2558,19137;2550,31325;2477,40346;2399,06179;2278,76921;31128,79393
TERRA;mil m3;2018;REGIÃO SUDESTE;RIO DE JANEIRO;0;0;0;0;0;0;0;0;0;0;0;0;0
TERRA;mil m3;2018;REGIÃO SUDESTE;SÃO PAULO;0;0;0;0;0;0;0;0;0;0;0;0;0
TERRA;mil m3;2018;REGIÃO SUL;PARANÁ;0;0;0;0;0;0;0;0;0;0;0;0;0
TERRA;mil m3;2019;REGIAO NORTE;AMAZONAS;463245,6886;439662,5259;486347,5756;459340,9585;477539,7513;469531,1305;476337,8151;477737,1213;448900,2454;464704,6903;446501,7054;461230,2664;5571079,474
TERRA;mil m3;2019;REGIAO NORDESTE;MARANHAO;43610,43878;3482,65441;378,07216;1981,41785;2216,4702;65850,2611;170426,657;193880,0187;217556,1018;233767,5302;237847,3411;224131,5066;1395128,47
TERRA;mil m3;2019;REGIAO NORDESTE;CEARA;23,11293;19,2265;21,79224;20,85097;21,26696;27,51363;87,67427;40,74901;20,2576;20,89463;19,97761;20,59957;343,91592
TERRA;mil m3;2019;REGIAO NORDESTE;RIO GRANDE DO NORTE;18558,09106;17116,41286;17706,53949;16278,00841;16856,93076;16681,59918;17367,48895;17029,06862;15752,86127;15174,6057;14782,70829;15315,48211;198619,7967
TERRA;mil m3;2019;REGIAO NORDESTE;ALAGOAS;32035,45681;27678,92249;29862,81693;27177,91795;27257,96211;24557,48523;25085,33069;23218,57763;20650,36247;19993,38315;20231,93136;24034,07969;301784,2265
TERRA;mil m3;2019;REGIAO NORDESTE;SERGIPE;3280,59765;2857,50131;3033,5228;3365,58004;3492,83996;3258,93831;3573,0268;3568,23325;3579,16777;3750,93286;3281,47135;3377,5109;40419,323
TERRA;mil m3;2019;REGIAO NORDESTE;BAHIA;66888,65674;62004,10393;68829,58722;61884,81069;61945,17524;57511,54991;61316,572;63572,87751;64332,60198;65239,63326;61678,99054;63898,16178;759102,7208
TERRA;mil m3;2019;REGIAO SUDESTE;ESPIRITO SANTO;2175,89585;2243,08511;2802,35905;2366,15462;2618,05401;2893,83857;2781,07333;2859,49855;2519,5189;2908,77565;2880,13933;2967,1626;32015,55557
TERRA;mil m3;2019;REGIAO SUDESTE;RIO DE JANEIRO;0;0;0;0;0;0;0;0;0;0;0;0;0
TERRA;mil m3;2019;REGIAO SUDESTE;SAO PAULO;0;0;0;0;0;0;0;0;0;0;0;0;0
TERRA;mil m3;2019;REGIAO SUL;PARANA;0;0;0;0;0;0;0;0;0;0;0;0;0
MAR ;mil m3;1997;REGIÃO NORTE;AMAZONAS;0;0;0;0;0;0;0;0;0;0;0;0;0
MAR;mil m3;1997;REGIÃO NORDESTE;MARANHÃO;;;;;;;;;;;;;0
MAR;mil m3;1997;REGIÃO NORDESTE;CEARÁ;8461;8113;8581;8204;8921;8895;8986;8794;8822;8955;8358;8695;103785
MAR;mil m3;1997;REGIÃO NORDESTE;RIO GRANDE DO NORTE;53765;55113;54533;53711;56269;56978;58508;56461;55226;47700;45356;52356;645976
MAR;mil m3;1997;REGIÃO NORDESTE;ALAGOAS;8128;8597;0;10699;0;11815;12110;12785;11015;10513;12750;12975;111387
MAR;mil m3;1997;REGIÃO NORDESTE;SERGIPE;52113;56233;54736;53883;53694;58893;60103;55382;57066;57270;52803;58647;670823
MAR;mil m3;1997;REGIÃO NORDESTE;BAHIA;2202;2007;3739;2714;2208;2201;3304;2466;1582;2255;2460;3501;30639
MAR;mil m3;1997;REGIÃO SUDESTE;ESPÍRITO SANTO;323;356;552;502;478;334;347;454;376;289;360;243;4614
MAR;mil m3;1997;REGIÃO SUDESTE;RIO DE JANEIRO;325655;330876;346070;323297;309287;320184;327229;327990;322632;283655;304377;355096;3876348
MAR;mil m3;1997;REGIÃO SUDESTE;SÃO PAULO;55434;57816;59673;57740;54864;60968;48705;51109;60549;63400;62823;56803;689884
MAR;mil m3;1997;REGIÃO SUL;PARANÁ;16321;17434;17347;16220;16449;12050;7843;9349;8347;8586;8904;21803;160653
MAR ;mil m3;1998;REGIÃO NORTE;AMAZONAS;0;0;0;0;0;0;0;0;0;0;0;0;0
MAR;mil m3;1998;REGIÃO NORDESTE;MARANHÃO;;;;;;;;;;;;;0
MAR;mil m3;1998;REGIÃO NORDESTE;CEARÁ;8982;7983;9268;8915;9121;8778;9730;10188;9529;9652;8029;9051;109226
MAR;mil m3;1998;REGIÃO NORDESTE;RIO GRANDE DO NORTE;52484;48321;55719;56693;56991;55075;59057;57830;57432;56034;56798;59031;671465
MAR;mil m3;1998;REGIÃO NORDESTE;ALAGOAS;13175;9580;13175;12190;13175;7386;7968;13143;12690;13113;12600;12480;140675
MAR;mil m3;1998;REGIÃO NORDESTE;SERGIPE;62680;56021;65150;61945;63476;67484;59957;57333;59982;63480;63510;61359;742377
MAR;mil m3;1998;REGIÃO NORDESTE;BAHIA;3680;3506;3450;3576;3677;2962;2635;1324;1097;1741;2297;2339;32284
MAR;mil m3;1998;REGIÃO SUDESTE;ESPÍRITO SANTO;219;251;266;259;230;205;184;221;224;188;186;200;2633
MAR;mil m3;1998;REGIÃO SUDESTE;RIO DE JANEIRO;341570;329389;377677;349033;383554;369922;381777;386748;371483;403859;402808;446488;4544308
MAR;mil m3;1998;REGIÃO SUDESTE;SÃO PAULO;60684;59829;37903;55475;63583;60847;59627;54775;50667;52403;48424;46779;650996
MAR;mil m3;1998;REGIÃO SUL;PARANÁ;10591;13917;14630;14160;14030;12568;11067;10662;10562;10515;10260;10460;143422
MAR ;mil m3;1999;REGIÃO NORTE;AMAZONAS;0;0;0;0;0;0;0;0;0;0;0;0;0
MAR;mil m3;1999;REGIÃO NORDESTE;MARANHÃO;;;;;;;;;;;;;0
MAR;mil m3;1999;REGIÃO NORDESTE;CEARÁ;9878;8772;10100;10008;10978;10469;10335;10657;10597;10787;10238;9531;122350
MAR;mil m3;1999;REGIÃO NORDESTE;RIO GRANDE DO NORTE;54578,1736;46703,2023;59318,5885;52410,2238;54599,8224;59641,823;62624,9118;65230,7722;62300,0775;60744,3003;58332,5847;63061,1271;699545,6072
MAR;mil m3;1999;REGIÃO NORDESTE;ALAGOAS;12896;11592;9286;12124;13609;13587;15190;15120;12467;15252;14850;15748;161721
MAR;mil m3;1999;REGIÃO NORDESTE;SERGIPE;65024,88;54493,9;66119,51;64790;65348;69871;66356;69177;68212;74065;71313;71585;806355,29
MAR;mil m3;1999;REGIÃO NORDESTE;BAHIA;0;0;0;0;0;0;0;0;0;0;0;0;0
MAR;mil m3;1999;REGIÃO SUDESTE;ESPÍRITO SANTO;198;190;183;206;221;197;226;197;217;289;294;264;2682
MAR;mil m3;1999;REGIÃO SUDESTE;RIO DE JANEIRO;468146;418376;463612;453519;464564;446891;447388;467071;472358;474198;459221;492912;5528256
MAR;mil m3;1999;REGIÃO SUDESTE;SÃO PAULO;46497;40413;54756;52170;53802;56520;53819;41267;39885;41079;39617;39151;558976
MAR;mil m3;1999;REGIÃO SUL;PARANÁ;10357;8987;9354;9324;9665;6010;4785;2592;3070;3854;5454;4975;78427
MAR ;mil m3;2000;REGIÃO NORTE;AMAZONAS;0;0;0;0;0;0;0;0;0;0;0;0;0
MAR;mil m3;2000;REGIÃO NORDESTE;MARANHÃO;0;0;0;0;0;0;0;0;0;0;0;0;0
MAR;mil m3;2000;REGIÃO NORDESTE;CEARÁ;10722;10178;10309;8248;8047;7575;8701;3694,4;7638,7;8148,2;7327,8;8745,7;99334,8
MAR;mil m3;2000;REGIÃO NORDESTE;RIO GRANDE DO NORTE;67046,5574;66640,8045;71280,2632;72217,1582;75030,7229;73282,7512;74975,4818;75850,5133;70891,2023;76946,5674;74331,3815;76444,3599;874937,7636
MAR;mil m3;2000;REGIÃO NORDESTE;ALAGOAS;14332;13316;15531;14034;13921;14307;14610;14911;14430;14849;7654;14849;166744
MAR;mil m3;2000;REGIÃO NORDESTE;SERGIPE;73438,746;65669,469;64070,379;64916,969;68218,231;68471,623;73016,556;75782,958;73156,375;67276,324;55113,15;65847,855;814978,635
MAR;mil m3;2000;REGIÃO NORDESTE;BAHIA;0,11;0,496;0,7073;0,868;2,0707;3,5345;7,0641;0,266;0;0;0;0;15,1166
MAR;mil m3;2000;REGIÃO SUDESTE;ESPÍRITO SANTO;203;189;176;183;147;270;173;100;103;125;124;157;1950
MAR;mil m3;2000;REGIÃO SUDESTE;RIO DE JANEIRO;476477;415388;468691;441198;463172;467814;469708;454411;492041;495982;514462;561687;5721031
MAR;mil m3;2000;REGIÃO SUDESTE;SÃO PAULO;33841;37646;24532;23821;29606;23740;25877;24622;23144;24575;26891;25803;324098
MAR;mil m3;2000;REGIÃO SUL;PARANÁ;4508;5258;5092;5565;5546;4934;4325;2275;2687;2562;2332;2122;47206
MAR ;mil m3;2001;REGIÃO NORTE;AMAZONAS;0;0;0;0;0;0;0;0;0;0;0;0;0
MAR;mil m3;2001;REGIÃO NORDESTE;MARANHÃO;0;0;0;0;0;0;0;0;0;0;0;0;0
MAR;mil m3;2001;REGIÃO NORDESTE;CEARÁ;8237,2;6379,4;7098,3;6922,3;7252;8151,5;8818,9;8707,1;7924;7417,5;7590,5;7735;92233,7
MAR;mil m3;2001;REGIÃO NORDESTE;RIO GRANDE DO NORTE;74466;61046;65549;65543;71262;67885;65850;68104;63210;63263;67990;68969;803137
MAR;mil m3;2001;REGIÃO NORDESTE;ALAGOAS;14849;13412;14384;13800;14043;13200;13671;13392;12900;13330;12900;13330;163211
MAR;mil m3;2001;REGIÃO NORDESTE;SERGIPE;67984;60492;66268;58806;64313;60946;64107;64172;52672;63245;64290;65237;752532
MAR;mil m3;2001;REGIÃO NORDESTE;BAHIA;0;0;0;0;0;0;0;0;0;1630;2999;3849;8478
MAR;mil m3;2001;REGIÃO SUDESTE;ESPÍRITO SANTO;127;84;90;90;93;90;93;93;90;93;63;93;1099
MAR;mil m3;2001;REGIÃO SUDESTE;RIO DE JANEIRO;506673;486177;501931;472130;460927;468841;507359;506696;493823;447316;519078;597376;5968327
MAR;mil m3;2001;REGIÃO SUDESTE;SÃO PAULO;25934;25859;29946;23446;23728;26193;31525;36771;28712;37810;25783;28272;343979
MAR;mil m3;2001;REGIÃO SUL;PARANÁ;2148;1602;2506;3510;5751;3795;4466;3616;3185;2950;2498;2227;38254
MAR ;mil m3;2002;REGIÃO NORTE;AMAZONAS;0;0;0;0;0;0;0;0;0;0;0;0;0
MAR;mil m3;2002;REGIÃO NORDESTE;MARANHÃO;0;0;0;0;0;0;0;0;0;0;0;0;0
MAR;mil m3;2002;REGIÃO NORDESTE;CEARÁ;7898;7225;7365;6368;9306;8327;10243;10941;9583;10044;11163;11105;109568
MAR;mil m3;2002;REGIÃO NORDESTE;RIO GRANDE DO NORTE;69670;74082;90309;88196;88313;89795;79200;85750;77435;79042;94211;87467;1003470
MAR;mil m3;2002;REGIÃO NORDESTE;ALAGOAS;13330;12040;13330;12631;12013;12750;13144;11489;11566;12710;12150;12051;149204
MAR;mil m3;2002;REGIÃO NORDESTE;SERGIPE;68077;59764;65480;62535;63551;61818;63786;60278;57879;57865;61898;58960;741891
MAR;mil m3;2002;REGIÃO NORDESTE;BAHIA;3951;3118;4657;4764;4403;4039;4328;4103;4164;5168;5089;4859;52643
MAR;mil m3;2002;REGIÃO SUDESTE;ESPÍRITO SANTO;93;84;93;90;93;110;72;93;90;1119;3937;3947;9821
MAR;mil m3;2002;REGIÃO SUDESTE;RIO DE JANEIRO;607072;559353;627438;606635;610094;573863;570380;585518;564940;568164;499239;513648;6886344
MAR;mil m3;2002;REGIÃO SUDESTE;SÃO PAULO;37910;34784;37020;33335;31346;25133;33917;32755;31383;30809;31749;34045;394186
MAR;mil m3;2002;REGIÃO SUL;PARANÁ;2033;699;207;991;3861;1553;43;0;0;0;0;0;9387
MAR ;mil m3;2003;REGIÃO NORTE;AMAZONAS;0;0;0;0;0;0;0;0;0;0;0;0;0
MAR;mil m3;2003;REGIÃO NORDESTE;MARANHÃO;0;0;0;0;0;0;0;0;0;0;0;0;0
MAR;mil m3;2003;REGIÃO NORDESTE;CEARÁ;11313;9384;9716;10032;10265;8646;6595;6246;5622;8250;6434;6845;99348
MAR;mil m3;2003;REGIÃO NORDESTE;RIO GRANDE DO NORTE;85402;72260;75919;72564;71163;71374;86094;94270;90411;92122;80429;75298;967306
MAR;mil m3;2003;REGIÃO NORDESTE;ALAGOAS;12090;10920;12090;11550;12085;11588;11024;11687;10705;8950;10678;11255;134622
MAR;mil m3;2003;REGIÃO NORDESTE;SERGIPE;59851;48495;58398;41695;55532;54926;58120;58176;57276;60115,133;57520,647;56159,444;666264,224
MAR;mil m3;2003;REGIÃO NORDESTE;BAHIA;4615;3914;4301;4175;4202;4814;4403;4339;4238;4054;3321;3774;50150
MAR;mil m3;2003;REGIÃO SUDESTE;ESPÍRITO SANTO;4994;4312;4990;4598;5199;2352;5143;6042;6260;5684;5689;5684;60947
MAR;mil m3;2003;REGIÃO SUDESTE;RIO DE JANEIRO;577986;528708;578386;572950;565673;511305;561446;571844,4;544894,98;569939,46;531678;545341,71;6660152,55
MAR;mil m3;2003;REGIÃO SUDESTE;SÃO PAULO;37151;40299;34493;32378;30564;29441;29525;30989;32419;39319;33430;18223;388231
MAR;mil m3;2003;REGIÃO SUL;PARANÁ;0;1396;0;0;2360;5079;5074;10529;10905;8512;6790;5752;56397
MAR ;mil m3;2004;REGIÃO NORTE;AMAZONAS;0;0;0;0;0;0;0;0;0;0;0;0;0
MAR;mil m3;2004;REGIÃO NORDESTE;MARANHÃO;0;0;0;0;0;0;0;0;0;0;0;0;0
MAR;mil m3;2004;REGIÃO NORDESTE;CEARÁ;8222;10569;10629;9490;10103;10147;11589;11564;11120;10235;10410;11369;125447
MAR;mil m3;2004;REGIÃO NORDESTE;RIO GRANDE DO NORTE;81686;73055;80298;87652;87720;84988;87186;88672;87000;90828;87566;95468;1032119
MAR;mil m3;2004;REGIÃO NORDESTE;ALAGOAS;11346;10554;11160;10060;518;7882;16330;15970;15203;15584;14895;15429;144931
MAR;mil m3;2004;REGIÃO NORDESTE;SERGIPE;51020;49592,4;52406;51876;52909,449;48522;45683;51488;49083;49587,177;51038,126;47962,606;601167,758
MAR;mil m3;2004;REGIÃO NORDESTE;BAHIA;4088;3692;3910;3196;3028;3013;3006;2907;2847;2916;2720;2873;38196
MAR;mil m3;2004;REGIÃO SUDESTE;ESPÍRITO SANTO;93;87;85;2041;5740;5339;4797;3819;3656;2153;4024;4261;36095
MAR;mil m3;2004;REGIÃO SUDESTE;RIO DE JANEIRO;548992;513879,9;570399;554165;530005;544177;591982;580541,731;568723,563;601989,796;551458,863;622763,882;6779077,735
MAR;mil m3;2004;REGIÃO SUDESTE;SÃO PAULO;35120;37941;36893;31537;37076;33325;30732;33345;32600;28740;8450;37640;383399
MAR;mil m3;2004;REGIÃO SUL;PARANÁ;4869;5623;6738;4762;5289;5845;6260;6061;5863;4534;4081;5298;65223
MAR ;mil m3;2005;REGIÃO NORTE;AMAZONAS;0;0;0;0;0;0;0;0;0;0;0;0;0
MAR;mil m3;2005;REGIÃO NORDESTE;MARANHÃO;0;0;0;0;0;0;0;0;0;0;0;0;0
MAR;mil m3;2005;REGIÃO NORDESTE;CEARÁ;10953;9527;9844;9569;8934;7852;9167;9061;8085;7906;10115;9622;110635
MAR;mil m3;2005;REGIÃO NORDESTE;RIO GRANDE DO NORTE;93775;84388;91079;73384;88269;85525;84330;86719;82976;85592;82298;82164;1020499
MAR;mil m3;2005;REGIÃO NORDESTE;ALAGOAS;15094;13504;14968;13892;14741;13859;14623;14687;14080;14349;12538;12798;169133
MAR;mil m3;2005;REGIÃO NORDESTE;SERGIPE;46249,023;39255,97;42077,768;39249,19;39870,235;46203;50861;49928;49209;51135;43348;41337;538723,186
MAR;mil m3;2005;REGIÃO NORDESTE;BAHIA;2618;2415;2587;2406;2400;2240;2093;1789;1412;1765;1731;1753;25209
MAR;mil m3;2005;REGIÃO SUDESTE;ESPÍRITO SANTO;4233;3684;4361;4431;2082;3960;2452;4272;4142;3663;3845;3959;45084
MAR;mil m3;2005;REGIÃO SUDESTE;RIO DE JANEIRO;621506,097;548610,117;625710,341;664495,991;713983,442;689534;694518;662076;646614;683263;692774;724098,189;7967183,177
MAR;mil m3;2005;REGIÃO SUDESTE;SÃO PAULO;35808;32143;35481;33205;34218;32198;28291;32302;30651;30377;27043;27996;379713
MAR;mil m3;2005;REGIÃO SUL;PARANÁ;6208;6328;5251;4828;6710;6705;5973;5590;4520;5913;5788;3897;67711
MAR ;mil m3;2006;REGIÃO NORTE;AMAZONAS;0;0;0;0;0;0;0;0;0;0;0;0;0
MAR;mil m3;2006;REGIÃO NORDESTE;MARANHÃO;0;0;0;0;0;0;0;0;0;0;0;0;0
MAR;mil m3;2006;REGIÃO NORDESTE;CEARÁ;8800;6786;8330;10024;10197;8615;8285;7969;7444;7788;7379;7311;98928
MAR;mil m3;2006;REGIÃO NORDESTE;RIO GRANDE DO NORTE;79680,5483;72025;78556;73711;83439;83657;85819;80254;73578;72312;66512;64989;914532,5483
MAR;mil m3;2006;REGIÃO NORDESTE;ALAGOAS;12395;12091;4862;12979;13171;12073;13247;12921;12557;12916;12206;12641;144059
MAR;mil m3;2006;REGIÃO NORDESTE;SERGIPE;45275,387;40715;48076;45691;49037;46503;45685;44867;40996;40982;38250;39079;525156,387
MAR;mil m3;2006;REGIÃO NORDESTE;BAHIA;1695,679;1520;1652;1536;1538;1403;1373;1311;1153;1085;922;1114;16302,679
MAR;mil m3;2006;REGIÃO SUDESTE;ESPÍRITO SANTO;1511,7;8232;12053;26778;61217;92969;93435;79834;89563;86144;79620;80102;711458,7
MAR;mil m3;2006;REGIÃO SUDESTE;RIO DE JANEIRO;699534,0962;650571;701586,327;681118,361;706643,935;623024,42;689523,538;686329,582;660740,706;725255,133;676154,246;717194,431;8217675,775
MAR;mil m3;2006;REGIÃO SUDESTE;SÃO PAULO;28484;28165;29784;25829;26504;32991;32530;30883;30502;31436;30018;29884;357010
MAR;mil m3;2006;REGIÃO SUL;PARANÁ;6787;2833;2887;3913;3988;2792;2824;2975;2356;2202;2775;2622;38954
MAR ;mil m3;2007;REGIÃO NORTE;AMAZONAS;0;0;0;0;0;0;0;0;0;0;0;0;0
MAR;mil m3;2007;REGIÃO NORDESTE;MARANHÃO;0;0;0;0;0;0;0;0;0;0;0;0;0
MAR;mil m3;2007;REGIÃO NORDESTE;CEARÁ;7145;6518;6759;7473;7087;5939;6163;6035;5936;6089;5633;6620;77397
MAR;mil m3;2007;REGIÃO NORDESTE;RIO GRANDE DO NORTE;68277;63483;67951;66617;66200;64780;65670;62746;60254;61907;58310;58796;764991
MAR;mil m3;2007;REGIÃO NORDESTE;ALAGOAS;12861;11620;12361;12091;12343;11380;10950;11510;11624;11527;11251;11469;140987
MAR;mil m3;2007;REGIÃO NORDESTE;SERGIPE;37349;32778;36621;32439;24960;31571;36488;37963;38525;49308;48460;47408;453870
MAR;mil m3;2007;REGIÃO NORDESTE;BAHIA;30864;31287;58982;92707;90338;95554;107984;112480;113860;135272;139711;157266;1166305
MAR;mil m3;2007;REGIÃO SUDESTE;ESPÍRITO SANTO;75486;66321;75286;74488;64118;71002;82995;72633;65535;69255;69615;94929;881663
MAR;mil m3;2007;REGIÃO SUDESTE;RIO DE JANEIRO;682521,74;638144,786;696071,9;658948,42;671643,674;644923,011;688676,461;670178,96;641129;663019,772;649548,925;720287,691;8025094,34
MAR;mil m3;2007;REGIÃO SUDESTE;SÃO PAULO;29872;26264;26214;24382;28107;27218;28810;28451;22108;28794;26867;27016;324103
MAR;mil m3;2007;REGIÃO SUL;PARANÁ;2660;2122;3447;4665;4186;2709;2627;2771;1948;3348;2480;1367;34330
MAR ;mil m3;2008;REGIÃO NORTE;AMAZONAS;;0;0;0;0;0;0;0;0;0;0;0;0
MAR;mil m3;2008;REGIÃO NORDESTE;MARANHÃO;0;0;0;0;0;0;0;0;0;0;0;0;0
MAR;mil m3;2008;REGIÃO NORDESTE;CEARÁ;4009;5297;5237;5512;5825;5571;6097;5849;5576;5430;5173;6176;65752
MAR;mil m3;2008;REGIÃO NORDESTE;RIO GRANDE DO NORTE;56597;50861;53088;49826,91257;50916,90603;50807,97784;54165,42915;54140,5241;49947,04239;47887,3655;45305,56835;46250,0449;609793,7708
MAR;mil m3;2008;REGIÃO NORDESTE;ALAGOAS;11367;10451;11540;10740;11368;10965;11270;11162;10847;6333;11066;11112;128221
MAR;mil m3;2008;REGIÃO NORDESTE;SERGIPE;49180,4817;46436,6775;48648,1945;49839,227;49045,07;59534,756;75384,552;76495,993;72651,634;79257,616;82021,966;78046,965;766543,1327
MAR;mil m3;2008;REGIÃO NORDESTE;BAHIA;170604;163143;179541;171552,7871;176335,7915;154247,9198;179828,7195;193135,2396;179706,657;202434,3295;172600,0263;136396,8705;2079526,341
MAR;mil m3;2008;REGIÃO SUDESTE;ESPÍRITO SANTO;93208;196898;240687;234709,922;214700,456;253131,214;240084,778;248387,836;241691,792;258073,95;181858,099;238976,377;2642407,424
MAR;mil m3;2008;REGIÃO SUDESTE;RIO DE JANEIRO;723392,525;652388,517;688520,262;679197,95;743669,3835;748437,0872;747243,879;741588,6769;725543,1441;793363,5437;745841,2147;774131,6562;8763317,839
MAR;mil m3;2008;REGIÃO SUDESTE;SÃO PAULO;26268;24301;25336;20535,274;24511,778;23245,58;23174,066;20327,468;16836,874;2824,674;15441,639;19251,506;242053,859
MAR;mil m3;2008;REGIÃO SUL;PARANÁ;2229;1190;2458;2149,69;2562,881;2808,574;3093,328;2883,922;1375,65687;558,73483;361,05281;263,98184;21934,82135
MAR ;mil m3;2009;REGIÃO NORTE;AMAZONAS;0;0;0;0;0;0;0;0;0;0;0;0;0
MAR;mil m3;2009;REGIÃO NORDESTE;MARANHÃO;0;0;0;0;0;0;0;0;0;0;0;0;0
MAR;mil m3;2009;REGIÃO NORDESTE;CEARÁ;5701;5341;5716;5119,9;4703,3;2977,8;3419,1;3698,4;4715,3;4495,2;4731,6;4887,2;55505,8
MAR;mil m3;2009;REGIÃO NORDESTE;RIO GRANDE DO NORTE;46166,00447;37652,99048;40982,55796;40919,80566;46217,69893;42670,21077;43977,28774;40701,73127;39331,52521;39168,32733;35269,97164;35088,67209;488146,7836
MAR;mil m3;2009;REGIÃO NORDESTE;ALAGOAS;11089;10030;10865;9897;10570;9770;10282;10222;10436;10702;10187;10337;124387
MAR;mil m3;2009;REGIÃO NORDESTE;SERGIPE;76427,203;69107,501;76975,172;62029,786;72620,807;73431,945;78273,759;72132,1415;70650,87;68999,665;70100,435;72860,3405;863609,625
MAR;mil m3;2009;REGIÃO NORDESTE;BAHIA;114624,7087;139084,6996;133956,7982;141844,5772;148861,6506;160790,6878;180997,6501;135715,5259;187333,1083;169986,1226;162106,3594;205835,2914;1881137,18
MAR;mil m3;2009;REGIÃO SUDESTE;ESPÍRITO SANTO;72733,624;45012,564;97528,72;60841,095;146884,5185;98970,62484;39367,73246;40606,692;56889;108317;95031,42372;105724,6849;967907,6794
MAR;mil m3;2009;REGIÃO SUDESTE;RIO DE JANEIRO;802244,9189;785310,5263;902187,2944;841260,8009;862125,7673;871153,6646;905618,7776;933257,6958;916254;898718;881810,0718;897282,0183;10497223,54
MAR;mil m3;2009;REGIÃO SUDESTE;SÃO PAULO;16727,818;15023,439;16467,336;15755,85;16975,378;17127,871;17248,862;13120,574;21415,21;26617,8;20098,995;21813,856;218392,989
MAR;mil m3;2009;REGIÃO SUL;PARANÁ;0;0;0;0;0;0;0;0;0;0;0;0;0
MAR ;mil m3;2010;REGIÃO NORTE;AMAZONAS;0;0;0;0;0;0;0;0;0;0;0;0;0
MAR;mil m3;2010;REGIÃO NORDESTE;MARANHÃO;0;0;0;0;0;0;0;0;0;0;0;0;0
MAR;mil m3;2010;REGIÃO NORDESTE;CEARÁ;3532,3;1246,4;3439,3;4048,9;4346,8;4201,5;3899,5;4317,5;4149,1;3961;2637,1;2334,13706;42113,53706
MAR;mil m3;2010;REGIÃO NORDESTE;RIO GRANDE DO NORTE;34724,85853;36268,16018;41225,88607;38389,30669;39416,23323;37817,41206;38184,43788;36227,35005;34712,49607;34843,45571;19208,01794;28383,67875;419401,2932
MAR;mil m3;2010;REGIÃO NORDESTE;ALAGOAS;7004;8176,901;7570;9832;10097;9033;10065;9853;9579;9108;8340,83;9502,608;108161,339
MAR;mil m3;2010;REGIÃO NORDESTE;SERGIPE;77506,228;66774,779;73323,944;80763,72;89074,992;89702,986;85531,755;98550,313;94756,708;98917,298;57870,191;94308,46746;1007081,381
MAR;mil m3;2010;REGIÃO NORDESTE;BAHIA;178547,2587;165640,8316;184903,2453;160530,6038;163472,989;183796,4637;193102,834;202351,2261;214232,6473;221372,0673;208519,2607;184592,3849;2261061,812
MAR;mil m3;2010;REGIÃO SUDESTE;ESPÍRITO SANTO;107889,4233;120846,2751;127827,3699;155242,8327;174720,4686;185555,4731;183837,2598;186045,3037;265245,6396;330533,0082;373957,661;390657,9387;2602358,654
MAR;mil m3;2010;REGIÃO SUDESTE;RIO DE JANEIRO;861765,6978;808330,0311;871287,4787;860828,8965;899234,9554;852929,8593;871674,1403;849186,6604;772249,3269;798026,2961;822783,3868;863939,0241;10132235,75
MAR;mil m3;2010;REGIÃO SUDESTE;SÃO PAULO;23019,347;21735,974;27463,233;23269,157;23044,915;22192,734;31005,924;29763,323;30310,077;53312,223;3844,407;53053,213;342014,527
MAR;mil m3;2010;REGIÃO SUL;PARANÁ;0;0;0;0;0;0;0;0;0;0;0;;0
MAR ;mil m3;2011;REGIÃO NORTE;AMAZONAS;0;0;0;0;0;0;0;0;0;0;0;0;0
MAR;mil m3;2011;REGIÃO NORDESTE;MARANHÃO;0;0;0;0;0;0;0;0;0;0;0;0;0
MAR;mil m3;2011;REGIÃO NORDESTE;CEARÁ;1533,67373;2272,66919;2566,69477;2565,40536;2692,3796;2650,71595;2710,15909;2940,48756;2710,7243;2633,64985;2646,92627;2786,39622;30709,88189
MAR;mil m3;2011;REGIÃO NORDESTE;RIO GRANDE DO NORTE;32550,0623;29370,14247;31996,26982;34620,43186;34358,85042;34636,79935;36097,75951;33438,70762;30333,35192;29842,85426;18382,25924;16764,29913;362391,7879
MAR;mil m3;2011;REGIÃO NORDESTE;ALAGOAS;8960,901;8265,854;8311,054;8119,502;9021,455;8617,766;7794,601;8641,993;8369,612;8060,774;7921,105;8364,305;100448,922
MAR;mil m3;2011;REGIÃO NORDESTE;SERGIPE;96925,6867;90350,68476;83291,33253;86308,62444;96755,42405;86227,04864;84161,53968;89704,1667;61287,14269;66440,24829;76121,94932;81667,34697;999241,1948
MAR;mil m3;2011;REGIÃO NORDESTE;BAHIA;155019,4428;134307,9552;81708,32877;72035,87507;119651,9664;124840,2184;142651,7336;123175,4335;118132,1889;119153,6795;148740,1098;160833,0562;1500249,988
MAR;mil m3;2011;REGIÃO SUDESTE;ESPÍRITO SANTO;355631,3333;260605,8814;356902,215;330652,1884;375022,7248;374607,848;395572,3779;389236,4147;356166,7304;362020,0314;306054,023;377785,3946;4240257,163
MAR;mil m3;2011;REGIÃO SUDESTE;RIO DE JANEIRO;810647,3992;704208,0017;787067,6971;771773,9484;789310,5967;766296,7901;771410,5922;787141,7894;758071,7611;786172,8618;802217,1463;852539,8247;9386858,409
MAR;mil m3;2011;REGIÃO SUDESTE;SÃO PAULO;75366,34931;59761,17044;43896,08308;64297,23604;105086,7103;103211,2414;106524,6527;103975,2656;112804,3167;160240,8786;185570,8535;185081,6037;1305816,361
MAR;mil m3;2011;REGIÃO SUL;PARANÁ;0;0;0;0;0;0;0;0;0;0;0;0;0
MAR ;mil m3;2012;REGIÃO NORTE;AMAZONAS;0;0;0;0;0;0;0;0;0;0;0;0;0
MAR;mil m3;2012;REGIÃO NORDESTE;MARANHÃO;0;0;0;0;0;0;0;0;0;0;0;0;0
MAR;mil m3;2012;REGIÃO NORDESTE;CEARÁ;2929,61314;2898,41536;2765,98672;2035,5344;1790,1534;1796,75514;1862,55811;1821,0143;1858,51614;2248,03453;2328,03672;2851,13015;27185,74811
MAR;mil m3;2012;REGIÃO NORDESTE;RIO GRANDE DO NORTE;28750,39474;24113,65561;26157,03982;25001,3097;26569,04157;25528,61343;24812,94684;25535,99707;23974,01463;24853,96309;22742,86937;27025,76068;305065,6066
MAR;mil m3;2012;REGIÃO NORDESTE;ALAGOAS;8118,57;7333,685;1735,892;0;0;0;1807,264;7607,983;7432,648;2831,989;8029,559;8272,462;53170,052
MAR;mil m3;2012;REGIÃO NORDESTE;SERGIPE;84457,27193;71237,40864;85959,86217;72993,01579;79013,28409;80465,06832;77566,61539;85839,83926;77576,35751;83022,72724;48129,72928;80771,93749;927033,1171
MAR;mil m3;2012;REGIÃO NORDESTE;BAHIA;161364,3164;151689,4631;162064,1437;190859,3906;205071,2098;200635,0829;203180,3149;208734,752;201038,1831;176381,1802;190034,9363;194870,9742;2245923,947
MAR;mil m3;2012;REGIÃO SUDESTE;ESPÍRITO SANTO;322216,9649;308865,4531;310828,0221;277898,7889;302057,4579;310569,192;306832,518;289885,1089;313321,3129;338478,2084;353676,5996;379707,56;3814337,186
MAR;mil m3;2012;REGIÃO SUDESTE;RIO DE JANEIRO;906829,5012;813622,8089;853056,0244;810418,0683;845227,1813;854660,9776;881201,5003;879345,2954;861932,3725;889248,8854;856561,0388;892338,5831;10344442,24
MAR;mil m3;2012;REGIÃO SUDESTE;SÃO PAULO;177663,2656;99985,53766;96841,12355;106455,2296;138311,4295;171359,8791;192707,2891;194519,0903;153861,2533;218847,9913;208208,0275;233389,5043;1992149,621
MAR;mil m3;2012;REGIÃO SUL;PARANÁ;0;0;0;0;0;0;0;0;0;0;0;0;0
MAR ;mil m3;2013;REGIÃO NORTE;AMAZONAS;0;0;0;0;0;0;0;0;0;0;0;;0
MAR;mil m3;2013;REGIÃO NORDESTE;MARANHÃO;0;0;0;0;0;0;0;0;0;0;0;;0
MAR;mil m3;2013;REGIÃO NORDESTE;CEARÁ;2770,1807;2293,92932;2669,49251;2842,53256;3016,45328;2820,57768;2867,64666;3013,2758;2923,57777;2881,44975;2576,58927;2462,18492;33137,89022
MAR;mil m3;2013;REGIÃO NORDESTE;RIO GRANDE DO NORTE;26531,91261;23669,15769;25732,09852;17240,12396;18993,30027;24101,03526;23519,83464;23623,90936;22230,18008;20175,02522;21185,35564;21371,93912;268373,8724
MAR;mil m3;2013;REGIÃO NORDESTE;ALAGOAS;8050,184;6901,209;7883,519;7538,936;6904,716;6866,706;6664,436;7810,278;7201,276;7130,342;6820,95;7062,386;86834,938
MAR;mil m3;2013;REGIÃO NORDESTE;SERGIPE;84358,41697;72065,02489;77651,92071;75111,3907;76368,92258;76797,5234;72056,51905;87072,09889;85229,90867;87247,92782;84701,74872;85049,91134;963711,3137
MAR;mil m3;2013;REGIÃO NORDESTE;BAHIA;203735,8232;184869,2946;203717,5796;58389,36563;199099,0045;196842,9222;199201,3513;182543,9324;191856,7155;186112,5983;185716,3212;190963,1642;2183048,073
MAR;mil m3;2013;REGIÃO SUDESTE;ESPÍRITO SANTO;386278,1009;347748,8687;380288,2848;357803,7075;372019,2242;349224,9374;363946,6484;350482,5617;354449,8717;362586,9579;340344,6087;368322,7335;4333496,505
MAR;mil m3;2013;REGIÃO SUDESTE;RIO DE JANEIRO;864559,327;757113,3213;837134,6334;827630,0131;807791,8635;831771,9767;840834,848;834712,3804;836205,7791;842033,4699;845008,5091;880990,2514;10005786,37
MAR;mil m3;2013;REGIÃO SUDESTE;SÃO PAULO;235609,7972;225123,2386;260629,0547;259700,5444;192360,6205;279747,3934;269597,0974;264660,8253;235613,1272;83581,55154;216276,777;264911,262;2787811,289
MAR;mil m3;2013;REGIÃO SUL;PARANÁ;0;0;0;0;0;0;0;0;0;0;0;;0
MAR ;mil m3;2014;REGIÃO NORTE;AMAZONAS;0;0;0;0;0;0;0;0;0;0;0;0;0
MAR;mil m3;2014;REGIÃO NORDESTE;MARANHÃO;0;0;0;0;0;0;0;0;0;0;0;0;0
MAR;mil m3;2014;REGIÃO NORDESTE;CEARÁ;2462,07739;2305,01588;2604,85242;2557,54773;2959,4105;2889,86351;2959,13322;2891,50845;2532,3529;2656,29076;2669,97986;2907,80133;32395,83395
MAR;mil m3;2014;REGIÃO NORDESTE;RIO GRANDE DO NORTE;20768,92175;18665,47186;20192,21993;19365,4371;19205,64612;18306,72987;18038,18968;17983,51184;15652,54508;16388,40667;17276,36318;18770,47823;220613,9213
MAR;mil m3;2014;REGIÃO NORDESTE;ALAGOAS;6978,717;6151,089;7010,179;6672,287;5410,519;6217,132;6729,118;6673,815;6316,258;6382,454;5363,625;5180,412;75085,605
MAR;mil m3;2014;REGIÃO NORDESTE;SERGIPE;58386,05157;73859,96876;85579,43749;83831,25945;82958,48835;81503,9268;84789,95654;84644,48662;81812,08861;81553,22759;77321,50644;84349,01179;960589,41
MAR;mil m3;2014;REGIÃO NORDESTE;BAHIA;187726,3918;170985,1899;182888,5214;177506,4867;180893,3295;180989,8738;182033,0369;183146,8124;177517,4876;180025,7734;178339,6405;180571,8734;2162624,417
MAR;mil m3;2014;REGIÃO SUDESTE;ESPÍRITO SANTO;357927,6325;312193,4953;359659,5211;324908,0566;386682,0924;368312,5849;393627,7924;408233,7244;413685,8757;469172,7525;454999,1085;426199,7902;4675602,427
MAR;mil m3;2014;REGIÃO SUDESTE;RIO DE JANEIRO;844657,3081;810168,8359;863905,6689;825998,6371;885317,1401;889243,3511;969266,9503;1014522,126;989147,8645;1006335,606;932924,894;1065864,486;11097352,87
MAR;mil m3;2014;REGIÃO SUDESTE;SÃO PAULO;278783,1858;271998,2605;333642,3473;339180,8987;342243,2136;361136,3957;343833,9275;371401,8582;328110,4055;380642,6679;364547,4999;447560,8917;4163081,552
MAR;mil m3;2014;REGIÃO SUL;PARANÁ;0;0;0;0;0;0;0;0;0;0;0;0;0
MAR ;mil m3;2015;REGIÃO NORTE;AMAZONAS;0;0;0;0;0;0;0;0;0;0;0;0;0
MAR;mil m3;2015;REGIÃO NORDESTE;MARANHÃO;0;0;0;0;0;0;0;0;0;0;0;0;0
MAR;mil m3;2015;REGIÃO NORDESTE;CEARÁ;2800,76851;1985,57193;2259,17916;2338,38622;2575,17604;2304,46909;2276,92878;2449,06999;2285,83931;1780,83391;1614,59518;2402,03321;27072,85133
MAR;mil m3;2015;REGIÃO NORDESTE;RIO GRANDE DO NORTE;18871,19249;16335,9389;16585,83653;17983,68327;18177,6447;18281,80693;18466,24534;17845,24729;15420,90011;15484,94079;6130,12606;8760,81205;188344,3745
MAR;mil m3;2015;REGIÃO NORDESTE;ALAGOAS;5443,734;5430,265;6333,396;5761,295;6249,902;6284,458;6496,48;6475,071;5855,513;3995,4;5427,556;5259,7015;69012,7715
MAR;mil m3;2015;REGIÃO NORDESTE;SERGIPE;84962,42202;76016,338;79623,49459;80007,18448;82975,72522;74700,10159;29421,1511;41884,64992;48177,54695;56875,07592;70081,52472;55872,71391;780597,9284
MAR;mil m3;2015;REGIÃO NORDESTE;BAHIA;179118,0897;162167,4962;175660,7731;174715,7582;168622,5199;173256,341;147377,8526;135623,6453;180451,7444;186565,2175;177640,76;182363,4103;2043563,608
MAR;mil m3;2015;REGIÃO SUDESTE;ESPÍRITO SANTO;418655,0513;351406,769;325485,433;279135,3218;330512,304;311939,9972;362951,8228;357041,1349;326781,6014;326321,2844;312215,7029;326126,4953;4028572,918
MAR;mil m3;2015;REGIÃO SUDESTE;RIO DE JANEIRO;1114142,541;1003568,594;1179069,928;1146238,138;1167459,946;1091951,99;1185566,517;1270803,712;1136212,921;1207638,535;1245127,557;1314193,067;14061973,44
MAR;mil m3;2015;REGIÃO SUDESTE;SÃO PAULO;440408,9073;389877,4734;452515,1531;460374,1031;456681,6872;497049,6296;493535,3764;515943,8029;506985,6968;505591,1019;331693,2753;487782,1022;5538438,309
MAR;mil m3;2015;REGIÃO SUL;PARANÁ;0;0;0;0;0;0;0;0;0;0;0;0;0
MAR ;mil m3;2016;REGIÃO NORTE;AMAZONAS;0;0;0;0;0;0;0;0;0;0;0;0;0
MAR;mil m3;2016;REGIÃO NORDESTE;MARANHÃO;0;0;0;0;0;0;0;0;0;0;0;0;0
MAR;mil m3;2016;REGIÃO NORDESTE;CEARÁ;2539,18335;2467,48774;3308,24926;3701,48558;3353,87778;3209,25923;3165,26983;3283,21088;3023,94914;3057,14623;2909,68558;2915,27837;36934,08297
MAR;mil m3;2016;REGIÃO NORDESTE;RIO GRANDE DO NORTE;9625,49383;9713,19528;10164,65555;7714,7098;7349,01932;6696,24988;17857,95527;17563,48456;17708,25618;17039,61451;16252,40259;16132,45708;153817,4939
MAR;mil m3;2016;REGIÃO NORDESTE;ALAGOAS;5505,09958;5530,95954;6027,91565;4907,80608;5790,43459;5570,22521;4396,56586;5291,9132;4669,41209;5171,49237;5016,33657;4593,30617;62471,46691
MAR;mil m3;2016;REGIÃO NORDESTE;SERGIPE;75591,84891;71677,0224;73352,4891;73119,27616;77728,784;73961,97034;78796,19722;80397,7125;75087,5547;75080,54758;66051,05275;63036,94798;883881,4036
MAR;mil m3;2016;REGIÃO NORDESTE;BAHIA;185552,5776;175489,2448;186024,0018;178625,4707;142657,6322;127183,6543;128259,2923;154036,0961;124152,5695;127650,4964;133377,972;130059,8227;1793068,83
MAR;mil m3;2016;REGIÃO SUDESTE;ESPÍRITO SANTO;254421,498;254954,2519;278082,0006;317418,2266;336082,6102;337266,1178;333888,0745;355501,0729;329718,6243;300113,8157;339014,8955;378281,775;3814742,963
MAR;mil m3;2016;REGIÃO SUDESTE;RIO DE JANEIRO;1249844,132;1231521,295;1203593,011;1128884,812;1318953,015;1398263,328;1466866,094;1502123,891;1499214,146;1507955,468;1507661,09;1598200,505;16613080,78
MAR;mil m3;2016;REGIÃO SUDESTE;SÃO PAULO;502467,4748;419283,876;366604,0911;468988,4825;477063,1852;458366,938;512631,5839;481969,2424;554181,6315;556629,5687;493813,6653;540248,4774;5832248,217
MAR;mil m3;2016;REGIÃO SUL;PARANÁ;0;0;0;0;0;0;0;0;0;0;0;0;0
MAR ;mil m3;2017;REGIÃO NORTE;AMAZONAS;0;0;0;0;0;0;0;0;0;0;0;0;0
MAR;mil m3;2017;REGIÃO NORDESTE;MARANHÃO;;0;0;0;0;0;0;0;0;0;0;0;0
MAR;mil m3;2017;REGIÃO NORDESTE;CEARÁ;2859,10736;2551,52296;2525,3889;2397,28312;2738,12081;2920,49193;2552,52893;2150,82894;2107,524;2280,57083;2327,85367;2675,7105;30086,93195
MAR;mil m3;2017;REGIÃO NORDESTE;RIO GRANDE DO NORTE;16708,9872;17471,21409;18924,8246;16803,74257;7788,11926;17605,13611;15311,52348;16612,85245;14310,90894;13349,93108;13229,2641;13314,93888;181431,4428
MAR;mil m3;2017;REGIÃO NORDESTE;ALAGOAS;4856,80617;2539,73432;4795,15438;4605,99686;5213,74734;5482,10806;4764,77195;5244,81955;4761,87337;3369,83529;5318,08223;6151,8763;57104,80582
MAR;mil m3;2017;REGIÃO NORDESTE;SERGIPE;61385,20254;55509,21004;62203,11092;61375,77924;68539,6456;40633,08827;67558,97889;68094,40607;65615,55285;68455,56185;69055,41379;73345,51795;761771,468
MAR;mil m3;2017;REGIÃO NORDESTE;BAHIA;132642,7209;116698,8248;126911,2315;137410,039;141979,555;125727,2417;166024,6601;166003,3772;151902,0042;163090,5043;168062,1015;182181,2977;1778633,558
MAR;mil m3;2017;REGIÃO SUDESTE;ESPÍRITO SANTO;354835,7682;325176,2478;351970,9841;340471,4217;367845,9117;356112,3579;271439,6437;354184,2459;318246,7985;308481,2691;295238,2122;314718,8833;3958721,744
MAR;mil m3;2017;REGIÃO SUDESTE;RIO DE JANEIRO;1603575,567;1413921,714;1481117,771;1429862,829;1536490,014;1573151,73;1627593,917;1473722,965;1571612,29;1683133,364;1619645,695;1601309,123;18615136,98
MAR;mil m3;2017;REGIÃO SUDESTE;SÃO PAULO;563953,9894;515698,0441;569271,055;561189,4562;596906,5005;571915,8185;612124,1382;610943,0755;582681,4311;564395,6384;527649,4961;609533,0049;6886261,648
MAR;mil m3;2017;REGIÃO SUL;PARANÁ;0;0;0;0;0;0;0;0;0;0;0;0;0
MAR ;mil m3;2018;REGIÃO NORTE;AMAZONAS;0;0;0;0;0;0;0;0;0;0;0;0;0
MAR;mil m3;2018;REGIÃO NORDESTE;MARANHÃO;0;0;0;0;0;0;0;0;0;0;0;0;0
MAR;mil m3;2018;REGIÃO NORDESTE;CEARÁ;2193,75266;2355,26697;2580,58037;2698,73149;3051,62829;3001,18961;3074,10434;3553,33727;3494,98926;3539,64117;3177,81234;2699,93558;35420,96935
MAR;mil m3;2018;REGIÃO NORDESTE;RIO GRANDE DO NORTE;12322,96207;12205,46677;13312,34243;13768,80026;12745,71461;12154,06871;11857,15377;11617,65858;10872,56411;11427,17339;11085,18062;11286,06588;144655,1512
MAR;mil m3;2018;REGIÃO NORDESTE;ALAGOAS;5564,04699;5277,89914;2947,71676;2348,59822;6632,94703;5357,19065;6612,49173;5181,68647;5115,48861;5656,67328;5413,4089;5367,16824;61475,31602
MAR;mil m3;2018;REGIÃO NORDESTE;SERGIPE;72870,61446;60755,00311;61159,03676;45521,05304;63321,70874;63216,38884;64388,72711;63851,97274;62426,29676;66377,65739;63282,05383;66712,98271;753883,4955
MAR;mil m3;2018;REGIÃO NORDESTE;BAHIA;137665,3693;133669,5573;146676,9498;131669,1555;160176,3321;150925,2232;161453,8704;159879,488;160096,5255;160598,5645;157374,0566;127966,7494;1788151,842
MAR;mil m3;2018;REGIÃO SUDESTE;ESPÍRITO SANTO;303112,3316;258153,5912;263951,5331;273043,5521;309739,8223;277828,8464;294855,5495;312075,566;262698,8226;303067,5401;284323,59;288902,1363;3431752,881
MAR;mil m3;2018;REGIÃO SUDESTE;RIO DE JANEIRO;1677704,001;1537451,862;1693701,569;1725212,631;1775286,457;1684281,775;1748697,472;1544374,816;1601157,736;1702383,672;1660997,113;1846328,742;20197577,85
MAR;mil m3;2018;REGIÃO SUDESTE;SÃO PAULO;605404,3567;557113,8866;582786,2934;509604,0513;552940,0866;519604,7085;500466,9357;382765,8282;484457,8505;589938,1743;545621,8329;600304,0663;6431008,071
MAR;mil m3;2018;REGIÃO SUL;PARANÁ;0;0;0;0;0;0;0;0;0;0;0;;0
MAR;mil m3;2019;REGIAO NORTE;AMAZONAS;0;0;0;0;0;0;0;0;0;0;0;0;0
MAR;mil m3;2019;REGIAO NORDESTE;MARANHAO;0;0;0;0;0;0;0;0;0;0;0;0;0
MAR;mil m3;2019;REGIAO NORDESTE;CEARA;1968,38567;1705,14306;2187,92162;2095,45536;2210,32128;2218,55896;2766,68581;2823,81012;2484,2222;2510,8953;2483,91037;2679,91046;28135,22021
MAR;mil m3;2019;REGIAO NORDESTE;RIO GRANDE DO NORTE;11792,07841;10455,66209;12200,42635;10187,88103;12817,30601;13049,75587;12705,18051;12079,7857;7545,11208;11675,54959;10934,93296;10740,96704;136184,6376
MAR;mil m3;2019;REGIAO NORDESTE;ALAGOAS;5557,15311;2842,85982;3754,56192;573,05326;0;0;0;0;0;0;0;0;12727,62811
MAR;mil m3;2019;REGIAO NORDESTE;SERGIPE;59946,77809;46607,8869;54533,6094;52774,80544;54262,33912;56104,69676;55006,52999;33307,93059;58058,31062;56901,68822;38000,16644;39508,92922;605013,6708
MAR;mil m3;2019;REGIAO NORDESTE;BAHIA;79592,24872;127237,9163;88608,12017;91329,70026;119327,079;46363,40329;72772,1742;141866,4092;138334,5286;141709,4499;136292,2221;140208,2832;1323641,535
MAR;mil m3;2019;REGIAO SUDESTE;ESPIRITO SANTO;277050,0096;181658,5265;238280,2216;218691,1015;218677,3802;219040,1483;199877,9299;215295,295;221351,5339;209991,022;228872,0325;210868,2564;2639653,457
MAR;mil m3;2019;REGIAO SUDESTE;RIO DE JANEIRO;1880044,54;1645788,136;1865603,275;1898607,115;2068044,63;1795269,654;2181452,223;2368777,952;2094636,685;2272681,563;2393620,212;2521667,884;24986193,87
MAR;mil m3;2019;REGIAO SUDESTE;SAO PAULO;563327,2264;512912,5377;582080,3808;541169,0984;588834,3269;562206,3742;567300,9304;576949,5796;569968,9582;578403,8674;500477,8883;550557,2762;6694188,444
MAR;mil m3;2019;REGIAO SUL;PARANA;0;0;0;0;0;0;0;0;0;0;0;0;0
